image_name,image_path,plant_id,severity
Healthy001_01.jpg,Healthy\Healthy001_01.jpg,Healthy001,Healthy
Healthy001_02.jpg,Healthy\Healthy001_02.jpg,Healthy001,Healthy
Healthy001_03.jpg,Healthy\Healthy001_03.jpg,Healthy001,Healthy
Healthy001_04.jpg,Healthy\Healthy001_04.jpg,Healthy001,Healthy
Healthy001_05.jpg,Healthy\Healthy001_05.jpg,Healthy001,Healthy
Healthy001_06.jpg,Healthy\Healthy001_06.jpg,Healthy001,Healthy
Healthy002_01.jpg,Healthy\Healthy002_01.jpg,Healthy002,Healthy
Healthy002_02.jpg,Healthy\Healthy002_02.jpg,Healthy002,Healthy
Healthy002_03.jpg,Healthy\Healthy002_03.jpg,Healthy002,Healthy
Healthy002_04.jpg,Healthy\Healthy002_04.jpg,Healthy002,Healthy
Healthy005_01.jpg,Healthy\Healthy005_01.jpg,Healthy005,Healthy
Healthy005_02.jpg,Healthy\Healthy005_02.jpg,Healthy005,Healthy
Healthy005_03.jpg,Healthy\Healthy005_03.jpg,Healthy005,Healthy
Healthy005_04.jpg,Healthy\Healthy005_04.jpg,Healthy005,Healthy
Healthy005_05.jpg,Healthy\Healthy005_05.jpg,Healthy005,Healthy
Healthy005_06.jpg,Healthy\Healthy005_06.jpg,Healthy005,Healthy
Healthy006_01.jpg,Healthy\Healthy006_01.jpg,Healthy006,Healthy
Healthy006_02.jpg,Healthy\Healthy006_02.jpg,Healthy006,Healthy
Healthy007_01.jpg,Healthy\Healthy007_01.jpg,Healthy007,Healthy
Healthy007_02.jpg,Healthy\Healthy007_02.jpg,Healthy007,Healthy
Healthy007_03.jpg,Healthy\Healthy007_03.jpg,Healthy007,Healthy
Healthy007_04.jpg,Healthy\Healthy007_04.jpg,Healthy007,Healthy
Healthy008_01.jpg,Healthy\Healthy008_01.jpg,Healthy008,Healthy
Healthy008_02.jpg,Healthy\Healthy008_02.jpg,Healthy008,Healthy
Healthy008_03.jpg,Healthy\Healthy008_03.jpg,Healthy008,Healthy
Healthy008_04.jpg,Healthy\Healthy008_04.jpg,Healthy008,Healthy
Healthy008_05.jpg,Healthy\Healthy008_05.jpg,Healthy008,Healthy
Healthy008_06.jpg,Healthy\Healthy008_06.jpg,Healthy008,Healthy
Healthy008_07.jpg,Healthy\Healthy008_07.jpg,Healthy008,Healthy
Healthy009_01.jpg,Healthy\Healthy009_01.jpg,Healthy009,Healthy
Healthy010_01.jpg,Healthy\Healthy010_01.jpg,Healthy010,Healthy
Healthy012_01.jpg,Healthy\Healthy012_01.jpg,Healthy012,Healthy
Healthy012_02.jpg,Healthy\Healthy012_02.jpg,Healthy012,Healthy
Healthy013_01.jpg,Healthy\Healthy013_01.jpg,Healthy013,Healthy
Healthy014_01.jpg,Healthy\Healthy014_01.jpg,Healthy014,Healthy
Healthy015_01.jpg,Healthy\Healthy015_01.jpg,Healthy015,Healthy
Healthy015_02.jpg,Healthy\Healthy015_02.jpg,Healthy015,Healthy
Healthy015_03.jpg,Healthy\Healthy015_03.jpg,Healthy015,Healthy
Healthy016_01.jpg,Healthy\Healthy016_01.jpg,Healthy016,Healthy
Healthy016_02.jpg,Healthy\Healthy016_02.jpg,Healthy016,Healthy
Healthy016_03.jpg,Healthy\Healthy016_03.jpg,Healthy016,Healthy
Healthy016_04.jpg,Healthy\Healthy016_04.jpg,Healthy016,Healthy
Healthy017_01.jpg,Healthy\Healthy017_01.jpg,Healthy017,Healthy
Healthy018_01.jpg,Healthy\Healthy018_01.jpg,Healthy018,Healthy
Healthy018_02.jpg,Healthy\Healthy018_02.jpg,Healthy018,Healthy
Healthy019_01.jpg,Healthy\Healthy019_01.jpg,Healthy019,Healthy
Healthy019_02.jpg,Healthy\Healthy019_02.jpg,Healthy019,Healthy
Healthy019_03.jpg,Healthy\Healthy019_03.jpg,Healthy019,Healthy
Healthy019_04.jpg,Healthy\Healthy019_04.jpg,Healthy019,Healthy
Healthy019_05.jpg,Healthy\Healthy019_05.jpg,Healthy019,Healthy
Healthy020_01.jpg,Healthy\Healthy020_01.jpg,Healthy020,Healthy
Healthy020_02.jpg,Healthy\Healthy020_02.jpg,Healthy020,Healthy
Healthy020_03.jpg,Healthy\Healthy020_03.jpg,Healthy020,Healthy
Healthy020_04.jpg,Healthy\Healthy020_04.jpg,Healthy020,Healthy
Healthy021_01.jpg,Healthy\Healthy021_01.jpg,Healthy021,Healthy
Healthy022_01.jpg,Healthy\Healthy022_01.jpg,Healthy022,Healthy
Healthy022_02.jpg,Healthy\Healthy022_02.jpg,Healthy022,Healthy
Healthy022_03.jpg,Healthy\Healthy022_03.jpg,Healthy022,Healthy
Healthy022_04.jpg,Healthy\Healthy022_04.jpg,Healthy022,Healthy
Healthy022_05.jpg,Healthy\Healthy022_05.jpg,Healthy022,Healthy
Healthy023_01.jpg,Healthy\Healthy023_01.jpg,Healthy023,Healthy
Healthy023_02.jpg,Healthy\Healthy023_02.jpg,Healthy023,Healthy
Healthy023_03.jpg,Healthy\Healthy023_03.jpg,Healthy023,Healthy
Healthy023_04.jpg,Healthy\Healthy023_04.jpg,Healthy023,Healthy
Healthy026_01.jpg,Healthy\Healthy026_01.jpg,Healthy026,Healthy
Healthy028_01.jpg,Healthy\Healthy028_01.jpg,Healthy028,Healthy
Healthy028_02.jpg,Healthy\Healthy028_02.jpg,Healthy028,Healthy
Healthy029_01.jpg,Healthy\Healthy029_01.jpg,Healthy029,Healthy
Healthy029_02.jpg,Healthy\Healthy029_02.jpg,Healthy029,Healthy
Healthy029_03.jpg,Healthy\Healthy029_03.jpg,Healthy029,Healthy
Healthy030_01.jpg,Healthy\Healthy030_01.jpg,Healthy030,Healthy
Healthy030_02.jpg,Healthy\Healthy030_02.jpg,Healthy030,Healthy
Healthy031_01.jpg,Healthy\Healthy031_01.jpg,Healthy031,Healthy
Healthy034_01.jpg,Healthy\Healthy034_01.jpg,Healthy034,Healthy
Healthy034_02.jpg,Healthy\Healthy034_02.jpg,Healthy034,Healthy
Healthy035_01.jpg,Healthy\Healthy035_01.jpg,Healthy035,Healthy
Healthy035_02.jpg,Healthy\Healthy035_02.jpg,Healthy035,Healthy
Healthy035_03.jpg,Healthy\Healthy035_03.jpg,Healthy035,Healthy
Healthy036_01.jpg,Healthy\Healthy036_01.jpg,Healthy036,Healthy
Healthy037_01.jpg,Healthy\Healthy037_01.jpg,Healthy037,Healthy
Healthy038_01.jpg,Healthy\Healthy038_01.jpg,Healthy038,Healthy
Healthy039_01.jpg,Healthy\Healthy039_01.jpg,Healthy039,Healthy
Healthy040_01.jpg,Healthy\Healthy040_01.jpg,Healthy040,Healthy
Healthy040_02.jpg,Healthy\Healthy040_02.jpg,Healthy040,Healthy
Healthy040_03.jpg,Healthy\Healthy040_03.jpg,Healthy040,Healthy
Healthy042_01.jpg,Healthy\Healthy042_01.jpg,Healthy042,Healthy
Healthy042_02.jpg,Healthy\Healthy042_02.jpg,Healthy042,Healthy
Healthy043_01.jpg,Healthy\Healthy043_01.jpg,Healthy043,Healthy
Healthy043_02.jpg,Healthy\Healthy043_02.jpg,Healthy043,Healthy
Healthy046_01.jpg,Healthy\Healthy046_01.jpg,Healthy046,Healthy
Healthy047_01.jpg,Healthy\Healthy047_01.jpg,Healthy047,Healthy
Healthy047_02.jpg,Healthy\Healthy047_02.jpg,Healthy047,Healthy
Healthy049_01.jpg,Healthy\Healthy049_01.jpg,Healthy049,Healthy
Healthy049_02.jpg,Healthy\Healthy049_02.jpg,Healthy049,Healthy
Healthy051_01.jpg,Healthy\Healthy051_01.jpg,Healthy051,Healthy
Healthy053_01.jpg,Healthy\Healthy053_01.jpg,Healthy053,Healthy
Healthy054_01.jpg,Healthy\Healthy054_01.jpg,Healthy054,Healthy
Healthy054_02.jpg,Healthy\Healthy054_02.jpg,Healthy054,Healthy
Healthy054_03.jpg,Healthy\Healthy054_03.jpg,Healthy054,Healthy
Healthy056_01.jpg,Healthy\Healthy056_01.jpg,Healthy056,Healthy
Healthy058_01.jpg,Healthy\Healthy058_01.jpg,Healthy058,Healthy
Healthy060_01.jpg,Healthy\Healthy060_01.jpg,Healthy060,Healthy
Healthy061_01.jpg,Healthy\Healthy061_01.jpg,Healthy061,Healthy
Healthy061_02.jpg,Healthy\Healthy061_02.jpg,Healthy061,Healthy
Healthy061_03.jpg,Healthy\Healthy061_03.jpg,Healthy061,Healthy
Healthy061_04.jpg,Healthy\Healthy061_04.jpg,Healthy061,Healthy
Healthy062_01.jpg,Healthy\Healthy062_01.jpg,Healthy062,Healthy
Healthy062_02.jpg,Healthy\Healthy062_02.jpg,Healthy062,Healthy
Healthy062_03.jpg,Healthy\Healthy062_03.jpg,Healthy062,Healthy
Healthy062_04.jpg,Healthy\Healthy062_04.jpg,Healthy062,Healthy
Healthy062_05.jpg,Healthy\Healthy062_05.jpg,Healthy062,Healthy
Healthy062_06.jpg,Healthy\Healthy062_06.jpg,Healthy062,Healthy
Healthy065_01.jpg,Healthy\Healthy065_01.jpg,Healthy065,Healthy
Healthy065_02.jpg,Healthy\Healthy065_02.jpg,Healthy065,Healthy
Healthy065_03.jpg,Healthy\Healthy065_03.jpg,Healthy065,Healthy
Healthy066_01.jpg,Healthy\Healthy066_01.jpg,Healthy066,Healthy
Healthy066_02.jpg,Healthy\Healthy066_02.jpg,Healthy066,Healthy
Healthy066_03.jpg,Healthy\Healthy066_03.jpg,Healthy066,Healthy
Healthy067_01.jpg,Healthy\Healthy067_01.jpg,Healthy067,Healthy
Healthy067_02.jpg,Healthy\Healthy067_02.jpg,Healthy067,Healthy
Healthy067_03.jpg,Healthy\Healthy067_03.jpg,Healthy067,Healthy
Healthy067_04.jpg,Healthy\Healthy067_04.jpg,Healthy067,Healthy
Healthy067_05.jpg,Healthy\Healthy067_05.jpg,Healthy067,Healthy
Healthy069_01.jpg,Healthy\Healthy069_01.jpg,Healthy069,Healthy
Healthy070_01.jpg,Healthy\Healthy070_01.jpg,Healthy070,Healthy
Healthy070_02.jpg,Healthy\Healthy070_02.jpg,Healthy070,Healthy
Healthy072_01.jpg,Healthy\Healthy072_01.jpg,Healthy072,Healthy
Healthy074_01.jpg,Healthy\Healthy074_01.jpg,Healthy074,Healthy
Healthy074_02.jpg,Healthy\Healthy074_02.jpg,Healthy074,Healthy
Healthy075_01.jpg,Healthy\Healthy075_01.jpg,Healthy075,Healthy
Healthy075_02.jpg,Healthy\Healthy075_02.jpg,Healthy075,Healthy
Healthy075_03.jpg,Healthy\Healthy075_03.jpg,Healthy075,Healthy
Healthy080_01.jpg,Healthy\Healthy080_01.jpg,Healthy080,Healthy
Healthy081_01.jpg,Healthy\Healthy081_01.jpg,Healthy081,Healthy
Healthy084_01.jpg,Healthy\Healthy084_01.jpg,Healthy084,Healthy
Healthy086_01.jpg,Healthy\Healthy086_01.jpg,Healthy086,Healthy
Healthy086_02.jpg,Healthy\Healthy086_02.jpg,Healthy086,Healthy
Healthy086_03.jpg,Healthy\Healthy086_03.jpg,Healthy086,Healthy
Healthy086_04.jpg,Healthy\Healthy086_04.jpg,Healthy086,Healthy
Healthy086_05.jpg,Healthy\Healthy086_05.jpg,Healthy086,Healthy
Healthy088_01.jpg,Healthy\Healthy088_01.jpg,Healthy088,Healthy
Healthy089_01.jpg,Healthy\Healthy089_01.jpg,Healthy089,Healthy
Healthy089_02.jpg,Healthy\Healthy089_02.jpg,Healthy089,Healthy
Healthy091_01.jpg,Healthy\Healthy091_01.jpg,Healthy091,Healthy
Healthy091_02.jpg,Healthy\Healthy091_02.jpg,Healthy091,Healthy
Healthy091_03.jpg,Healthy\Healthy091_03.jpg,Healthy091,Healthy
Healthy091_04.jpg,Healthy\Healthy091_04.jpg,Healthy091,Healthy
Healthy091_05.jpg,Healthy\Healthy091_05.jpg,Healthy091,Healthy
Healthy092_01.jpg,Healthy\Healthy092_01.jpg,Healthy092,Healthy
Healthy092_02.jpg,Healthy\Healthy092_02.jpg,Healthy092,Healthy
Healthy092_03.jpg,Healthy\Healthy092_03.jpg,Healthy092,Healthy
Healthy092_04.jpg,Healthy\Healthy092_04.jpg,Healthy092,Healthy
Healthy092_05.jpg,Healthy\Healthy092_05.jpg,Healthy092,Healthy
Healthy093_01.jpg,Healthy\Healthy093_01.jpg,Healthy093,Healthy
Healthy094_01.jpg,Healthy\Healthy094_01.jpg,Healthy094,Healthy
Healthy095_01.jpg,Healthy\Healthy095_01.jpg,Healthy095,Healthy
Healthy095_02.jpg,Healthy\Healthy095_02.jpg,Healthy095,Healthy
Healthy096_01.jpg,Healthy\Healthy096_01.jpg,Healthy096,Healthy
Healthy096_02.jpg,Healthy\Healthy096_02.jpg,Healthy096,Healthy
Healthy097_01.jpg,Healthy\Healthy097_01.jpg,Healthy097,Healthy
Healthy097_02.jpg,Healthy\Healthy097_02.jpg,Healthy097,Healthy
Healthy097_03.jpg,Healthy\Healthy097_03.jpg,Healthy097,Healthy
Healthy098_01.jpg,Healthy\Healthy098_01.jpg,Healthy098,Healthy
Healthy098_02.jpg,Healthy\Healthy098_02.jpg,Healthy098,Healthy
Healthy098_03.jpg,Healthy\Healthy098_03.jpg,Healthy098,Healthy
Healthy099_01.jpg,Healthy\Healthy099_01.jpg,Healthy099,Healthy
Healthy099_02.jpg,Healthy\Healthy099_02.jpg,Healthy099,Healthy
Healthy101_01.jpg,Healthy\Healthy101_01.jpg,Healthy101,Healthy
Healthy101_02.jpg,Healthy\Healthy101_02.jpg,Healthy101,Healthy
Healthy104_01.jpg,Healthy\Healthy104_01.jpg,Healthy104,Healthy
Healthy104_02.jpg,Healthy\Healthy104_02.jpg,Healthy104,Healthy
Healthy104_03.jpg,Healthy\Healthy104_03.jpg,Healthy104,Healthy
Healthy104_04.jpg,Healthy\Healthy104_04.jpg,Healthy104,Healthy
Healthy105_01.jpg,Healthy\Healthy105_01.jpg,Healthy105,Healthy
Healthy105_02.jpg,Healthy\Healthy105_02.jpg,Healthy105,Healthy
Healthy106_01.jpg,Healthy\Healthy106_01.jpg,Healthy106,Healthy
Healthy107_01.jpg,Healthy\Healthy107_01.jpg,Healthy107,Healthy
Healthy107_02.jpg,Healthy\Healthy107_02.jpg,Healthy107,Healthy
Healthy109_01.jpg,Healthy\Healthy109_01.jpg,Healthy109,Healthy
Healthy111_01.jpg,Healthy\Healthy111_01.jpg,Healthy111,Healthy
Healthy112_01.jpg,Healthy\Healthy112_01.jpg,Healthy112,Healthy
Healthy115_01.jpg,Healthy\Healthy115_01.jpg,Healthy115,Healthy
Healthy115_02.jpg,Healthy\Healthy115_02.jpg,Healthy115,Healthy
Healthy115_03.jpg,Healthy\Healthy115_03.jpg,Healthy115,Healthy
Healthy116_01.jpg,Healthy\Healthy116_01.jpg,Healthy116,Healthy
Healthy116_02.jpg,Healthy\Healthy116_02.jpg,Healthy116,Healthy
Healthy117_01.jpg,Healthy\Healthy117_01.jpg,Healthy117,Healthy
Healthy117_02.jpg,Healthy\Healthy117_02.jpg,Healthy117,Healthy
Healthy117_03.jpg,Healthy\Healthy117_03.jpg,Healthy117,Healthy
Healthy117_04.jpg,Healthy\Healthy117_04.jpg,Healthy117,Healthy
Healthy117_05.jpg,Healthy\Healthy117_05.jpg,Healthy117,Healthy
Healthy120_01.jpg,Healthy\Healthy120_01.jpg,Healthy120,Healthy
Healthy120_02.jpg,Healthy\Healthy120_02.jpg,Healthy120,Healthy
Healthy120_03.jpg,Healthy\Healthy120_03.jpg,Healthy120,Healthy
Healthy120_04.jpg,Healthy\Healthy120_04.jpg,Healthy120,Healthy
Healthy120_05.jpg,Healthy\Healthy120_05.jpg,Healthy120,Healthy
Healthy120_06.jpg,Healthy\Healthy120_06.jpg,Healthy120,Healthy
Healthy121_01.jpg,Healthy\Healthy121_01.jpg,Healthy121,Healthy
Healthy121_02.jpg,Healthy\Healthy121_02.jpg,Healthy121,Healthy
Healthy122_01.jpg,Healthy\Healthy122_01.jpg,Healthy122,Healthy
Healthy123_01.jpg,Healthy\Healthy123_01.jpg,Healthy123,Healthy
Healthy123_02.jpg,Healthy\Healthy123_02.jpg,Healthy123,Healthy
Healthy123_03.jpg,Healthy\Healthy123_03.jpg,Healthy123,Healthy
Healthy127_01.jpg,Healthy\Healthy127_01.jpg,Healthy127,Healthy
Healthy127_02.jpg,Healthy\Healthy127_02.jpg,Healthy127,Healthy
Healthy130_01.jpg,Healthy\Healthy130_01.jpg,Healthy130,Healthy
Healthy130_02.jpg,Healthy\Healthy130_02.jpg,Healthy130,Healthy
Healthy131_01.jpg,Healthy\Healthy131_01.jpg,Healthy131,Healthy
Healthy132_01.jpg,Healthy\Healthy132_01.jpg,Healthy132,Healthy
Healthy132_02.jpg,Healthy\Healthy132_02.jpg,Healthy132,Healthy
Healthy132_03.jpg,Healthy\Healthy132_03.jpg,Healthy132,Healthy
Healthy133_01.jpg,Healthy\Healthy133_01.jpg,Healthy133,Healthy
Healthy133_02.jpg,Healthy\Healthy133_02.jpg,Healthy133,Healthy
Healthy133_03.jpg,Healthy\Healthy133_03.jpg,Healthy133,Healthy
Healthy134_01.jpg,Healthy\Healthy134_01.jpg,Healthy134,Healthy
Healthy134_02.jpg,Healthy\Healthy134_02.jpg,Healthy134,Healthy
Healthy135_01.jpg,Healthy\Healthy135_01.jpg,Healthy135,Healthy
Healthy137_01.jpg,Healthy\Healthy137_01.jpg,Healthy137,Healthy
Healthy137_02.jpg,Healthy\Healthy137_02.jpg,Healthy137,Healthy
Healthy137_03.jpg,Healthy\Healthy137_03.jpg,Healthy137,Healthy
Healthy138_01.jpg,Healthy\Healthy138_01.jpg,Healthy138,Healthy
Healthy139_01.jpg,Healthy\Healthy139_01.jpg,Healthy139,Healthy
Healthy139_02.jpg,Healthy\Healthy139_02.jpg,Healthy139,Healthy
Healthy139_03.jpg,Healthy\Healthy139_03.jpg,Healthy139,Healthy
Healthy139_04.jpg,Healthy\Healthy139_04.jpg,Healthy139,Healthy
Healthy140_01.jpg,Healthy\Healthy140_01.jpg,Healthy140,Healthy
Healthy140_02.jpg,Healthy\Healthy140_02.jpg,Healthy140,Healthy
Healthy140_03.jpg,Healthy\Healthy140_03.jpg,Healthy140,Healthy
Healthy143_01.jpg,Healthy\Healthy143_01.jpg,Healthy143,Healthy
Healthy143_02.jpg,Healthy\Healthy143_02.jpg,Healthy143,Healthy
Healthy143_03.jpg,Healthy\Healthy143_03.jpg,Healthy143,Healthy
Healthy144_01.jpg,Healthy\Healthy144_01.jpg,Healthy144,Healthy
Healthy145_01.jpg,Healthy\Healthy145_01.jpg,Healthy145,Healthy
Healthy145_02.jpg,Healthy\Healthy145_02.jpg,Healthy145,Healthy
Healthy145_03.jpg,Healthy\Healthy145_03.jpg,Healthy145,Healthy
Healthy145_04.jpg,Healthy\Healthy145_04.jpg,Healthy145,Healthy
Healthy145_05.jpg,Healthy\Healthy145_05.jpg,Healthy145,Healthy
Healthy146_01.jpg,Healthy\Healthy146_01.jpg,Healthy146,Healthy
Healthy146_02.jpg,Healthy\Healthy146_02.jpg,Healthy146,Healthy
Healthy146_03.jpg,Healthy\Healthy146_03.jpg,Healthy146,Healthy
Healthy146_04.jpg,Healthy\Healthy146_04.jpg,Healthy146,Healthy
Healthy147_01.jpg,Healthy\Healthy147_01.jpg,Healthy147,Healthy
Healthy147_02.jpg,Healthy\Healthy147_02.jpg,Healthy147,Healthy
Healthy147_03.jpg,Healthy\Healthy147_03.jpg,Healthy147,Healthy
Healthy147_04.jpg,Healthy\Healthy147_04.jpg,Healthy147,Healthy
Healthy149_01.jpg,Healthy\Healthy149_01.jpg,Healthy149,Healthy
Healthy149_02.jpg,Healthy\Healthy149_02.jpg,Healthy149,Healthy
Healthy149_03.jpg,Healthy\Healthy149_03.jpg,Healthy149,Healthy
Healthy150_01.jpg,Healthy\Healthy150_01.jpg,Healthy150,Healthy
Healthy150_02.jpg,Healthy\Healthy150_02.jpg,Healthy150,Healthy
Healthy150_03.jpg,Healthy\Healthy150_03.jpg,Healthy150,Healthy
Healthy150_04.jpg,Healthy\Healthy150_04.jpg,Healthy150,Healthy
Healthy150_05.jpg,Healthy\Healthy150_05.jpg,Healthy150,Healthy
Healthy150_06.jpg,Healthy\Healthy150_06.jpg,Healthy150,Healthy
Healthy150_07.jpg,Healthy\Healthy150_07.jpg,Healthy150,Healthy
Healthy150_08.jpg,Healthy\Healthy150_08.jpg,Healthy150,Healthy
Healthy150_09.jpg,Healthy\Healthy150_09.jpg,Healthy150,Healthy
Healthy150_10.jpg,Healthy\Healthy150_10.jpg,Healthy150,Healthy
Healthy150_11.jpg,Healthy\Healthy150_11.jpg,Healthy150,Healthy
Healthy151_01.jpg,Healthy\Healthy151_01.jpg,Healthy151,Healthy
Healthy151_02.jpg,Healthy\Healthy151_02.jpg,Healthy151,Healthy
Healthy151_03.jpg,Healthy\Healthy151_03.jpg,Healthy151,Healthy
Healthy152_01.jpg,Healthy\Healthy152_01.jpg,Healthy152,Healthy
Healthy153_01.jpg,Healthy\Healthy153_01.jpg,Healthy153,Healthy
Healthy153_02.jpg,Healthy\Healthy153_02.jpg,Healthy153,Healthy
Healthy154_01.jpg,Healthy\Healthy154_01.jpg,Healthy154,Healthy
Healthy154_02.jpg,Healthy\Healthy154_02.jpg,Healthy154,Healthy
Healthy154_03.jpg,Healthy\Healthy154_03.jpg,Healthy154,Healthy
Healthy155_01.jpg,Healthy\Healthy155_01.jpg,Healthy155,Healthy
Healthy155_02.jpg,Healthy\Healthy155_02.jpg,Healthy155,Healthy
Healthy157_01.jpg,Healthy\Healthy157_01.jpg,Healthy157,Healthy
Healthy157_02.jpg,Healthy\Healthy157_02.jpg,Healthy157,Healthy
Healthy157_03.jpg,Healthy\Healthy157_03.jpg,Healthy157,Healthy
Healthy157_04.jpg,Healthy\Healthy157_04.jpg,Healthy157,Healthy
Healthy158_01.jpg,Healthy\Healthy158_01.jpg,Healthy158,Healthy
Healthy158_02.jpg,Healthy\Healthy158_02.jpg,Healthy158,Healthy
Healthy158_03.jpg,Healthy\Healthy158_03.jpg,Healthy158,Healthy
Healthy158_04.jpg,Healthy\Healthy158_04.jpg,Healthy158,Healthy
Healthy160_01.jpg,Healthy\Healthy160_01.jpg,Healthy160,Healthy
Healthy162_01.jpg,Healthy\Healthy162_01.jpg,Healthy162,Healthy
Healthy162_02.jpg,Healthy\Healthy162_02.jpg,Healthy162,Healthy
Healthy162_03.jpg,Healthy\Healthy162_03.jpg,Healthy162,Healthy
Healthy162_04.jpg,Healthy\Healthy162_04.jpg,Healthy162,Healthy
Healthy163_01.jpg,Healthy\Healthy163_01.jpg,Healthy163,Healthy
Healthy165_01.jpg,Healthy\Healthy165_01.jpg,Healthy165,Healthy
Healthy165_02.jpg,Healthy\Healthy165_02.jpg,Healthy165,Healthy
Healthy166_01.jpg,Healthy\Healthy166_01.jpg,Healthy166,Healthy
Healthy167_01.jpg,Healthy\Healthy167_01.jpg,Healthy167,Healthy
Healthy167_02.jpg,Healthy\Healthy167_02.jpg,Healthy167,Healthy
Healthy168_01.jpg,Healthy\Healthy168_01.jpg,Healthy168,Healthy
Healthy168_02.jpg,Healthy\Healthy168_02.jpg,Healthy168,Healthy
Healthy168_03.jpg,Healthy\Healthy168_03.jpg,Healthy168,Healthy
Healthy170_01.jpg,Healthy\Healthy170_01.jpg,Healthy170,Healthy
Healthy172_01.jpg,Healthy\Healthy172_01.jpg,Healthy172,Healthy
Healthy173_01.jpg,Healthy\Healthy173_01.jpg,Healthy173,Healthy
Healthy174_01.jpg,Healthy\Healthy174_01.jpg,Healthy174,Healthy
Healthy174_02.jpg,Healthy\Healthy174_02.jpg,Healthy174,Healthy
Healthy174_03.jpg,Healthy\Healthy174_03.jpg,Healthy174,Healthy
Healthy176_01.jpg,Healthy\Healthy176_01.jpg,Healthy176,Healthy
Healthy176_02.jpg,Healthy\Healthy176_02.jpg,Healthy176,Healthy
Healthy177_01.jpg,Healthy\Healthy177_01.jpg,Healthy177,Healthy
Healthy178_01.jpg,Healthy\Healthy178_01.jpg,Healthy178,Healthy
Healthy178_02.jpg,Healthy\Healthy178_02.jpg,Healthy178,Healthy
Healthy178_03.jpg,Healthy\Healthy178_03.jpg,Healthy178,Healthy
Healthy178_04.jpg,Healthy\Healthy178_04.jpg,Healthy178,Healthy
Healthy178_05.jpg,Healthy\Healthy178_05.jpg,Healthy178,Healthy
Healthy178_06.jpg,Healthy\Healthy178_06.jpg,Healthy178,Healthy
Healthy179_01.jpg,Healthy\Healthy179_01.jpg,Healthy179,Healthy
Healthy180_01.jpg,Healthy\Healthy180_01.jpg,Healthy180,Healthy
Healthy180_02.jpg,Healthy\Healthy180_02.jpg,Healthy180,Healthy
Healthy180_03.jpg,Healthy\Healthy180_03.jpg,Healthy180,Healthy
Healthy181_01.jpg,Healthy\Healthy181_01.jpg,Healthy181,Healthy
Healthy181_02.jpg,Healthy\Healthy181_02.jpg,Healthy181,Healthy
Healthy181_03.jpg,Healthy\Healthy181_03.jpg,Healthy181,Healthy
Healthy181_04.jpg,Healthy\Healthy181_04.jpg,Healthy181,Healthy
Healthy181_05.jpg,Healthy\Healthy181_05.jpg,Healthy181,Healthy
Healthy182_01.jpg,Healthy\Healthy182_01.jpg,Healthy182,Healthy
Healthy182_02.jpg,Healthy\Healthy182_02.jpg,Healthy182,Healthy
Healthy182_03.jpg,Healthy\Healthy182_03.jpg,Healthy182,Healthy
Healthy182_04.jpg,Healthy\Healthy182_04.jpg,Healthy182,Healthy
Healthy183_01.jpg,Healthy\Healthy183_01.jpg,Healthy183,Healthy
Healthy184_01.jpg,Healthy\Healthy184_01.jpg,Healthy184,Healthy
Healthy184_02.jpg,Healthy\Healthy184_02.jpg,Healthy184,Healthy
Healthy184_03.jpg,Healthy\Healthy184_03.jpg,Healthy184,Healthy
Healthy186_01.jpg,Healthy\Healthy186_01.jpg,Healthy186,Healthy
Healthy188_01.jpg,Healthy\Healthy188_01.jpg,Healthy188,Healthy
Healthy188_02.jpg,Healthy\Healthy188_02.jpg,Healthy188,Healthy
Healthy189_01.jpg,Healthy\Healthy189_01.jpg,Healthy189,Healthy
Healthy189_02.jpg,Healthy\Healthy189_02.jpg,Healthy189,Healthy
Healthy189_03.jpg,Healthy\Healthy189_03.jpg,Healthy189,Healthy
Healthy189_04.jpg,Healthy\Healthy189_04.jpg,Healthy189,Healthy
Healthy189_05.jpg,Healthy\Healthy189_05.jpg,Healthy189,Healthy
Healthy190_01.jpg,Healthy\Healthy190_01.jpg,Healthy190,Healthy
Healthy190_02.jpg,Healthy\Healthy190_02.jpg,Healthy190,Healthy
Healthy190_03.jpg,Healthy\Healthy190_03.jpg,Healthy190,Healthy
Healthy190_04.jpg,Healthy\Healthy190_04.jpg,Healthy190,Healthy
Healthy191_01.jpg,Healthy\Healthy191_01.jpg,Healthy191,Healthy
Healthy192_01.jpg,Healthy\Healthy192_01.jpg,Healthy192,Healthy
Healthy192_02.jpg,Healthy\Healthy192_02.jpg,Healthy192,Healthy
Healthy194_01.jpg,Healthy\Healthy194_01.jpg,Healthy194,Healthy
Healthy194_02.jpg,Healthy\Healthy194_02.jpg,Healthy194,Healthy
Healthy194_03.jpg,Healthy\Healthy194_03.jpg,Healthy194,Healthy
Healthy194_04.jpg,Healthy\Healthy194_04.jpg,Healthy194,Healthy
Healthy194_05.jpg,Healthy\Healthy194_05.jpg,Healthy194,Healthy
Healthy195_01.jpg,Healthy\Healthy195_01.jpg,Healthy195,Healthy
Healthy196_01.jpg,Healthy\Healthy196_01.jpg,Healthy196,Healthy
Healthy196_02.jpg,Healthy\Healthy196_02.jpg,Healthy196,Healthy
Healthy196_03.jpg,Healthy\Healthy196_03.jpg,Healthy196,Healthy
Healthy196_04.jpg,Healthy\Healthy196_04.jpg,Healthy196,Healthy
Healthy196_05.jpg,Healthy\Healthy196_05.jpg,Healthy196,Healthy
Healthy198_01.jpg,Healthy\Healthy198_01.jpg,Healthy198,Healthy
Healthy201_01.jpg,Healthy\Healthy201_01.jpg,Healthy201,Healthy
Healthy202_01.jpg,Healthy\Healthy202_01.jpg,Healthy202,Healthy
Healthy203_01.jpg,Healthy\Healthy203_01.jpg,Healthy203,Healthy
Healthy204_01.jpg,Healthy\Healthy204_01.jpg,Healthy204,Healthy
Healthy204_02.jpg,Healthy\Healthy204_02.jpg,Healthy204,Healthy
Healthy205_01.jpg,Healthy\Healthy205_01.jpg,Healthy205,Healthy
Healthy205_02.jpg,Healthy\Healthy205_02.jpg,Healthy205,Healthy
Healthy207_01.jpg,Healthy\Healthy207_01.jpg,Healthy207,Healthy
Healthy208_01.jpg,Healthy\Healthy208_01.jpg,Healthy208,Healthy
Healthy208_02.jpg,Healthy\Healthy208_02.jpg,Healthy208,Healthy
Healthy208_03.jpg,Healthy\Healthy208_03.jpg,Healthy208,Healthy
Healthy208_04.jpg,Healthy\Healthy208_04.jpg,Healthy208,Healthy
Healthy209_01.jpg,Healthy\Healthy209_01.jpg,Healthy209,Healthy
Healthy209_02.jpg,Healthy\Healthy209_02.jpg,Healthy209,Healthy
Healthy212_01.jpg,Healthy\Healthy212_01.jpg,Healthy212,Healthy
Healthy213_01.jpg,Healthy\Healthy213_01.jpg,Healthy213,Healthy
Healthy213_02.jpg,Healthy\Healthy213_02.jpg,Healthy213,Healthy
Healthy213_03.jpg,Healthy\Healthy213_03.jpg,Healthy213,Healthy
Healthy213_04.jpg,Healthy\Healthy213_04.jpg,Healthy213,Healthy
Healthy213_05.jpg,Healthy\Healthy213_05.jpg,Healthy213,Healthy
Healthy213_06.jpg,Healthy\Healthy213_06.jpg,Healthy213,Healthy
Healthy213_07.jpg,Healthy\Healthy213_07.jpg,Healthy213,Healthy
Healthy214_01.jpg,Healthy\Healthy214_01.jpg,Healthy214,Healthy
Healthy214_02.jpg,Healthy\Healthy214_02.jpg,Healthy214,Healthy
Healthy214_03.jpg,Healthy\Healthy214_03.jpg,Healthy214,Healthy
Healthy214_04.jpg,Healthy\Healthy214_04.jpg,Healthy214,Healthy
Healthy215_01.jpg,Healthy\Healthy215_01.jpg,Healthy215,Healthy
Healthy215_02.jpg,Healthy\Healthy215_02.jpg,Healthy215,Healthy
Healthy216_01.jpg,Healthy\Healthy216_01.jpg,Healthy216,Healthy
Healthy217_01.jpg,Healthy\Healthy217_01.jpg,Healthy217,Healthy
Healthy217_02.jpg,Healthy\Healthy217_02.jpg,Healthy217,Healthy
Healthy217_03.jpg,Healthy\Healthy217_03.jpg,Healthy217,Healthy
Healthy219_01.jpg,Healthy\Healthy219_01.jpg,Healthy219,Healthy
Healthy220_01.jpg,Healthy\Healthy220_01.jpg,Healthy220,Healthy
Healthy220_02.jpg,Healthy\Healthy220_02.jpg,Healthy220,Healthy
Healthy222_01.jpg,Healthy\Healthy222_01.jpg,Healthy222,Healthy
Healthy222_02.jpg,Healthy\Healthy222_02.jpg,Healthy222,Healthy
Healthy223_01.jpg,Healthy\Healthy223_01.jpg,Healthy223,Healthy
Healthy223_02.jpg,Healthy\Healthy223_02.jpg,Healthy223,Healthy
Healthy224_01.jpg,Healthy\Healthy224_01.jpg,Healthy224,Healthy
Healthy225_01.jpg,Healthy\Healthy225_01.jpg,Healthy225,Healthy
Healthy225_02.jpg,Healthy\Healthy225_02.jpg,Healthy225,Healthy
Healthy225_03.jpg,Healthy\Healthy225_03.jpg,Healthy225,Healthy
Healthy226_01.jpg,Healthy\Healthy226_01.jpg,Healthy226,Healthy
Healthy226_02.jpg,Healthy\Healthy226_02.jpg,Healthy226,Healthy
Healthy226_03.jpg,Healthy\Healthy226_03.jpg,Healthy226,Healthy
Healthy228_01.jpg,Healthy\Healthy228_01.jpg,Healthy228,Healthy
Healthy228_02.jpg,Healthy\Healthy228_02.jpg,Healthy228,Healthy
Healthy228_03.jpg,Healthy\Healthy228_03.jpg,Healthy228,Healthy
Healthy229_01.jpg,Healthy\Healthy229_01.jpg,Healthy229,Healthy
Healthy229_02.jpg,Healthy\Healthy229_02.jpg,Healthy229,Healthy
Healthy229_03.jpg,Healthy\Healthy229_03.jpg,Healthy229,Healthy
Healthy229_04.jpg,Healthy\Healthy229_04.jpg,Healthy229,Healthy
Healthy230_01.jpg,Healthy\Healthy230_01.jpg,Healthy230,Healthy
Healthy230_02.jpg,Healthy\Healthy230_02.jpg,Healthy230,Healthy
Healthy230_03.jpg,Healthy\Healthy230_03.jpg,Healthy230,Healthy
Healthy231_01.jpg,Healthy\Healthy231_01.jpg,Healthy231,Healthy
Healthy231_02.jpg,Healthy\Healthy231_02.jpg,Healthy231,Healthy
Healthy232_01.jpg,Healthy\Healthy232_01.jpg,Healthy232,Healthy
Healthy232_02.jpg,Healthy\Healthy232_02.jpg,Healthy232,Healthy
Healthy236_01.jpg,Healthy\Healthy236_01.jpg,Healthy236,Healthy
Healthy236_02.jpg,Healthy\Healthy236_02.jpg,Healthy236,Healthy
Healthy236_03.jpg,Healthy\Healthy236_03.jpg,Healthy236,Healthy
Healthy236_04.jpg,Healthy\Healthy236_04.jpg,Healthy236,Healthy
Healthy237_01.jpg,Healthy\Healthy237_01.jpg,Healthy237,Healthy
Healthy237_02.jpg,Healthy\Healthy237_02.jpg,Healthy237,Healthy
Healthy237_03.jpg,Healthy\Healthy237_03.jpg,Healthy237,Healthy
Healthy237_04.jpg,Healthy\Healthy237_04.jpg,Healthy237,Healthy
Healthy237_05.jpg,Healthy\Healthy237_05.jpg,Healthy237,Healthy
Healthy238_01.jpg,Healthy\Healthy238_01.jpg,Healthy238,Healthy
Healthy238_02.jpg,Healthy\Healthy238_02.jpg,Healthy238,Healthy
Healthy239_01.jpg,Healthy\Healthy239_01.jpg,Healthy239,Healthy
Healthy239_02.jpg,Healthy\Healthy239_02.jpg,Healthy239,Healthy
Healthy239_03.jpg,Healthy\Healthy239_03.jpg,Healthy239,Healthy
Healthy239_04.jpg,Healthy\Healthy239_04.jpg,Healthy239,Healthy
Healthy240_01.jpg,Healthy\Healthy240_01.jpg,Healthy240,Healthy
Healthy240_02.jpg,Healthy\Healthy240_02.jpg,Healthy240,Healthy
Healthy240_03.jpg,Healthy\Healthy240_03.jpg,Healthy240,Healthy
Healthy241_01.jpg,Healthy\Healthy241_01.jpg,Healthy241,Healthy
Healthy241_02.jpg,Healthy\Healthy241_02.jpg,Healthy241,Healthy
Healthy241_03.jpg,Healthy\Healthy241_03.jpg,Healthy241,Healthy
Healthy241_04.jpg,Healthy\Healthy241_04.jpg,Healthy241,Healthy
Healthy241_05.jpg,Healthy\Healthy241_05.jpg,Healthy241,Healthy
Healthy241_06.jpg,Healthy\Healthy241_06.jpg,Healthy241,Healthy
Healthy242_01.jpg,Healthy\Healthy242_01.jpg,Healthy242,Healthy
Healthy242_02.jpg,Healthy\Healthy242_02.jpg,Healthy242,Healthy
Healthy242_03.jpg,Healthy\Healthy242_03.jpg,Healthy242,Healthy
Healthy242_04.jpg,Healthy\Healthy242_04.jpg,Healthy242,Healthy
Healthy242_05.jpg,Healthy\Healthy242_05.jpg,Healthy242,Healthy
Healthy243_01.jpg,Healthy\Healthy243_01.jpg,Healthy243,Healthy
Healthy243_02.jpg,Healthy\Healthy243_02.jpg,Healthy243,Healthy
Healthy243_03.jpg,Healthy\Healthy243_03.jpg,Healthy243,Healthy
Healthy243_04.jpg,Healthy\Healthy243_04.jpg,Healthy243,Healthy
Healthy249_01.jpg,Healthy\Healthy249_01.jpg,Healthy249,Healthy
Healthy249_02.jpg,Healthy\Healthy249_02.jpg,Healthy249,Healthy
Healthy250_01.jpg,Healthy\Healthy250_01.jpg,Healthy250,Healthy
Healthy252_01.jpg,Healthy\Healthy252_01.jpg,Healthy252,Healthy
Healthy252_02.jpg,Healthy\Healthy252_02.jpg,Healthy252,Healthy
Healthy252_03.jpg,Healthy\Healthy252_03.jpg,Healthy252,Healthy
Healthy252_04.jpg,Healthy\Healthy252_04.jpg,Healthy252,Healthy
Healthy252_05.jpg,Healthy\Healthy252_05.jpg,Healthy252,Healthy
Healthy252_06.jpg,Healthy\Healthy252_06.jpg,Healthy252,Healthy
Healthy252_07.jpg,Healthy\Healthy252_07.jpg,Healthy252,Healthy
Healthy252_08.jpg,Healthy\Healthy252_08.jpg,Healthy252,Healthy
Healthy252_09.jpg,Healthy\Healthy252_09.jpg,Healthy252,Healthy
Healthy253_01.jpg,Healthy\Healthy253_01.jpg,Healthy253,Healthy
Healthy253_02.jpg,Healthy\Healthy253_02.jpg,Healthy253,Healthy
Healthy253_03.jpg,Healthy\Healthy253_03.jpg,Healthy253,Healthy
Healthy253_04.jpg,Healthy\Healthy253_04.jpg,Healthy253,Healthy
Healthy253_05.jpg,Healthy\Healthy253_05.jpg,Healthy253,Healthy
Healthy253_06.jpg,Healthy\Healthy253_06.jpg,Healthy253,Healthy
Healthy254_01.jpg,Healthy\Healthy254_01.jpg,Healthy254,Healthy
Healthy254_02.jpg,Healthy\Healthy254_02.jpg,Healthy254,Healthy
Healthy254_03.jpg,Healthy\Healthy254_03.jpg,Healthy254,Healthy
Healthy254_04.jpg,Healthy\Healthy254_04.jpg,Healthy254,Healthy
Healthy255_01.jpg,Healthy\Healthy255_01.jpg,Healthy255,Healthy
Healthy255_02.jpg,Healthy\Healthy255_02.jpg,Healthy255,Healthy
Healthy256_01.jpg,Healthy\Healthy256_01.jpg,Healthy256,Healthy
Healthy257_01.jpg,Healthy\Healthy257_01.jpg,Healthy257,Healthy
Healthy257_02.jpg,Healthy\Healthy257_02.jpg,Healthy257,Healthy
Healthy258_01.jpg,Healthy\Healthy258_01.jpg,Healthy258,Healthy
Healthy258_02.jpg,Healthy\Healthy258_02.jpg,Healthy258,Healthy
Healthy258_03.jpg,Healthy\Healthy258_03.jpg,Healthy258,Healthy
Healthy259_01.jpg,Healthy\Healthy259_01.jpg,Healthy259,Healthy
Healthy259_02.jpg,Healthy\Healthy259_02.jpg,Healthy259,Healthy
Healthy259_03.jpg,Healthy\Healthy259_03.jpg,Healthy259,Healthy
Healthy261_01.jpg,Healthy\Healthy261_01.jpg,Healthy261,Healthy
Healthy261_02.jpg,Healthy\Healthy261_02.jpg,Healthy261,Healthy
Healthy261_03.jpg,Healthy\Healthy261_03.jpg,Healthy261,Healthy
Healthy262_01.jpg,Healthy\Healthy262_01.jpg,Healthy262,Healthy
Healthy263_01.jpg,Healthy\Healthy263_01.jpg,Healthy263,Healthy
Healthy263_02.jpg,Healthy\Healthy263_02.jpg,Healthy263,Healthy
Healthy264_01.jpg,Healthy\Healthy264_01.jpg,Healthy264,Healthy
Healthy264_02.jpg,Healthy\Healthy264_02.jpg,Healthy264,Healthy
Healthy265_01.jpg,Healthy\Healthy265_01.jpg,Healthy265,Healthy
Healthy265_02.jpg,Healthy\Healthy265_02.jpg,Healthy265,Healthy
Healthy265_03.jpg,Healthy\Healthy265_03.jpg,Healthy265,Healthy
Healthy265_04.jpg,Healthy\Healthy265_04.jpg,Healthy265,Healthy
Healthy265_05.jpg,Healthy\Healthy265_05.jpg,Healthy265,Healthy
Healthy265_06.jpg,Healthy\Healthy265_06.jpg,Healthy265,Healthy
Healthy265_07.jpg,Healthy\Healthy265_07.jpg,Healthy265,Healthy
Healthy265_08.jpg,Healthy\Healthy265_08.jpg,Healthy265,Healthy
Healthy265_09.jpg,Healthy\Healthy265_09.jpg,Healthy265,Healthy
Healthy265_10.jpg,Healthy\Healthy265_10.jpg,Healthy265,Healthy
Healthy265_11.jpg,Healthy\Healthy265_11.jpg,Healthy265,Healthy
Healthy265_12.jpg,Healthy\Healthy265_12.jpg,Healthy265,Healthy
Healthy268_01.jpg,Healthy\Healthy268_01.jpg,Healthy268,Healthy
Healthy268_02.jpg,Healthy\Healthy268_02.jpg,Healthy268,Healthy
Healthy269_01.jpg,Healthy\Healthy269_01.jpg,Healthy269,Healthy
Healthy269_02.jpg,Healthy\Healthy269_02.jpg,Healthy269,Healthy
Healthy269_03.jpg,Healthy\Healthy269_03.jpg,Healthy269,Healthy
Healthy269_04.jpg,Healthy\Healthy269_04.jpg,Healthy269,Healthy
Healthy269_05.jpg,Healthy\Healthy269_05.jpg,Healthy269,Healthy
Healthy269_06.jpg,Healthy\Healthy269_06.jpg,Healthy269,Healthy
Healthy270_01.jpg,Healthy\Healthy270_01.jpg,Healthy270,Healthy
Healthy270_02.jpg,Healthy\Healthy270_02.jpg,Healthy270,Healthy
Healthy270_03.jpg,Healthy\Healthy270_03.jpg,Healthy270,Healthy
Healthy270_04.jpg,Healthy\Healthy270_04.jpg,Healthy270,Healthy
Healthy272_01.jpg,Healthy\Healthy272_01.jpg,Healthy272,Healthy
Healthy274_01.jpg,Healthy\Healthy274_01.jpg,Healthy274,Healthy
Healthy274_02.jpg,Healthy\Healthy274_02.jpg,Healthy274,Healthy
Healthy275_01.jpg,Healthy\Healthy275_01.jpg,Healthy275,Healthy
Healthy275_02.jpg,Healthy\Healthy275_02.jpg,Healthy275,Healthy
Healthy277_01.jpg,Healthy\Healthy277_01.jpg,Healthy277,Healthy
Healthy277_02.jpg,Healthy\Healthy277_02.jpg,Healthy277,Healthy
Healthy277_03.jpg,Healthy\Healthy277_03.jpg,Healthy277,Healthy
Healthy277_04.jpg,Healthy\Healthy277_04.jpg,Healthy277,Healthy
Healthy277_05.jpg,Healthy\Healthy277_05.jpg,Healthy277,Healthy
Healthy279_01.jpg,Healthy\Healthy279_01.jpg,Healthy279,Healthy
Healthy279_02.jpg,Healthy\Healthy279_02.jpg,Healthy279,Healthy
Healthy280_01.jpg,Healthy\Healthy280_01.jpg,Healthy280,Healthy
Healthy280_02.jpg,Healthy\Healthy280_02.jpg,Healthy280,Healthy
Healthy281_01.jpg,Healthy\Healthy281_01.jpg,Healthy281,Healthy
Healthy282_01.jpg,Healthy\Healthy282_01.jpg,Healthy282,Healthy
Healthy282_02.jpg,Healthy\Healthy282_02.jpg,Healthy282,Healthy
Healthy282_03.jpg,Healthy\Healthy282_03.jpg,Healthy282,Healthy
Healthy282_04.jpg,Healthy\Healthy282_04.jpg,Healthy282,Healthy
Healthy282_05.jpg,Healthy\Healthy282_05.jpg,Healthy282,Healthy
Healthy282_06.jpg,Healthy\Healthy282_06.jpg,Healthy282,Healthy
Healthy283_01.jpg,Healthy\Healthy283_01.jpg,Healthy283,Healthy
Healthy283_02.jpg,Healthy\Healthy283_02.jpg,Healthy283,Healthy
Healthy283_03.jpg,Healthy\Healthy283_03.jpg,Healthy283,Healthy
Healthy283_04.jpg,Healthy\Healthy283_04.jpg,Healthy283,Healthy
Healthy283_05.jpg,Healthy\Healthy283_05.jpg,Healthy283,Healthy
Healthy284_01.jpg,Healthy\Healthy284_01.jpg,Healthy284,Healthy
Healthy284_02.jpg,Healthy\Healthy284_02.jpg,Healthy284,Healthy
Healthy284_03.jpg,Healthy\Healthy284_03.jpg,Healthy284,Healthy
Healthy285_01.jpg,Healthy\Healthy285_01.jpg,Healthy285,Healthy
Healthy286_01.jpg,Healthy\Healthy286_01.jpg,Healthy286,Healthy
Healthy286_02.jpg,Healthy\Healthy286_02.jpg,Healthy286,Healthy
Healthy286_03.jpg,Healthy\Healthy286_03.jpg,Healthy286,Healthy
Healthy286_04.jpg,Healthy\Healthy286_04.jpg,Healthy286,Healthy
Healthy286_05.jpg,Healthy\Healthy286_05.jpg,Healthy286,Healthy
Healthy288_01.jpg,Healthy\Healthy288_01.jpg,Healthy288,Healthy
Healthy288_02.jpg,Healthy\Healthy288_02.jpg,Healthy288,Healthy
Healthy288_03.jpg,Healthy\Healthy288_03.jpg,Healthy288,Healthy
Healthy288_04.jpg,Healthy\Healthy288_04.jpg,Healthy288,Healthy
Healthy288_05.jpg,Healthy\Healthy288_05.jpg,Healthy288,Healthy
Healthy288_06.jpg,Healthy\Healthy288_06.jpg,Healthy288,Healthy
Healthy288_07.jpg,Healthy\Healthy288_07.jpg,Healthy288,Healthy
Healthy288_08.jpg,Healthy\Healthy288_08.jpg,Healthy288,Healthy
Healthy289_01.jpg,Healthy\Healthy289_01.jpg,Healthy289,Healthy
Healthy290_01.jpg,Healthy\Healthy290_01.jpg,Healthy290,Healthy
Healthy290_02.jpg,Healthy\Healthy290_02.jpg,Healthy290,Healthy
Healthy291_01.jpg,Healthy\Healthy291_01.jpg,Healthy291,Healthy
Healthy291_02.jpg,Healthy\Healthy291_02.jpg,Healthy291,Healthy
Healthy291_03.jpg,Healthy\Healthy291_03.jpg,Healthy291,Healthy
Healthy293_01.jpg,Healthy\Healthy293_01.jpg,Healthy293,Healthy
Healthy293_02.jpg,Healthy\Healthy293_02.jpg,Healthy293,Healthy
Healthy293_03.jpg,Healthy\Healthy293_03.jpg,Healthy293,Healthy
Healthy294_01.jpg,Healthy\Healthy294_01.jpg,Healthy294,Healthy
Healthy294_02.jpg,Healthy\Healthy294_02.jpg,Healthy294,Healthy
Healthy296_01.jpg,Healthy\Healthy296_01.jpg,Healthy296,Healthy
Healthy296_02.jpg,Healthy\Healthy296_02.jpg,Healthy296,Healthy
Healthy300_01.jpg,Healthy\Healthy300_01.jpg,Healthy300,Healthy
Healthy300_02.jpg,Healthy\Healthy300_02.jpg,Healthy300,Healthy
Healthy300_03.jpg,Healthy\Healthy300_03.jpg,Healthy300,Healthy
Healthy300_04.jpg,Healthy\Healthy300_04.jpg,Healthy300,Healthy
Healthy300_05.jpg,Healthy\Healthy300_05.jpg,Healthy300,Healthy
Healthy300_06.jpg,Healthy\Healthy300_06.jpg,Healthy300,Healthy
Healthy301_01.jpg,Healthy\Healthy301_01.jpg,Healthy301,Healthy
Healthy301_02.jpg,Healthy\Healthy301_02.jpg,Healthy301,Healthy
Healthy302_01.jpg,Healthy\Healthy302_01.jpg,Healthy302,Healthy
Healthy302_02.jpg,Healthy\Healthy302_02.jpg,Healthy302,Healthy
Healthy302_03.jpg,Healthy\Healthy302_03.jpg,Healthy302,Healthy
Healthy302_04.jpg,Healthy\Healthy302_04.jpg,Healthy302,Healthy
Healthy302_05.jpg,Healthy\Healthy302_05.jpg,Healthy302,Healthy
Healthy303_01.jpg,Healthy\Healthy303_01.jpg,Healthy303,Healthy
Healthy304_01.jpg,Healthy\Healthy304_01.jpg,Healthy304,Healthy
Healthy304_02.jpg,Healthy\Healthy304_02.jpg,Healthy304,Healthy
Healthy306_01.jpg,Healthy\Healthy306_01.jpg,Healthy306,Healthy
Healthy308_01.jpg,Healthy\Healthy308_01.jpg,Healthy308,Healthy
Healthy308_02.jpg,Healthy\Healthy308_02.jpg,Healthy308,Healthy
Healthy309_01.jpg,Healthy\Healthy309_01.jpg,Healthy309,Healthy
Healthy314_01.jpg,Healthy\Healthy314_01.jpg,Healthy314,Healthy
Healthy314_02.jpg,Healthy\Healthy314_02.jpg,Healthy314,Healthy
Healthy314_03.jpg,Healthy\Healthy314_03.jpg,Healthy314,Healthy
Healthy314_04.jpg,Healthy\Healthy314_04.jpg,Healthy314,Healthy
Healthy314_05.jpg,Healthy\Healthy314_05.jpg,Healthy314,Healthy
Healthy314_06.jpg,Healthy\Healthy314_06.jpg,Healthy314,Healthy
Healthy315_01.jpg,Healthy\Healthy315_01.jpg,Healthy315,Healthy
Healthy316_01.jpg,Healthy\Healthy316_01.jpg,Healthy316,Healthy
Healthy316_02.jpg,Healthy\Healthy316_02.jpg,Healthy316,Healthy
Healthy318_01.jpg,Healthy\Healthy318_01.jpg,Healthy318,Healthy
Healthy318_02.jpg,Healthy\Healthy318_02.jpg,Healthy318,Healthy
Healthy319_01.jpg,Healthy\Healthy319_01.jpg,Healthy319,Healthy
Healthy321_01.jpg,Healthy\Healthy321_01.jpg,Healthy321,Healthy
Healthy322_01.jpg,Healthy\Healthy322_01.jpg,Healthy322,Healthy
Healthy322_02.jpg,Healthy\Healthy322_02.jpg,Healthy322,Healthy
Healthy323_01.jpg,Healthy\Healthy323_01.jpg,Healthy323,Healthy
Healthy323_02.jpg,Healthy\Healthy323_02.jpg,Healthy323,Healthy
Healthy324_01.jpg,Healthy\Healthy324_01.jpg,Healthy324,Healthy
Healthy325_01.jpg,Healthy\Healthy325_01.jpg,Healthy325,Healthy
Healthy326_01.jpg,Healthy\Healthy326_01.jpg,Healthy326,Healthy
Healthy327_01.jpg,Healthy\Healthy327_01.jpg,Healthy327,Healthy
Healthy327_02.jpg,Healthy\Healthy327_02.jpg,Healthy327,Healthy
Healthy330_01.jpg,Healthy\Healthy330_01.jpg,Healthy330,Healthy
Healthy331_01.jpg,Healthy\Healthy331_01.jpg,Healthy331,Healthy
Healthy332_01.jpg,Healthy\Healthy332_01.jpg,Healthy332,Healthy
Healthy335_01.jpg,Healthy\Healthy335_01.jpg,Healthy335,Healthy
Healthy337_01.jpg,Healthy\Healthy337_01.jpg,Healthy337,Healthy
Healthy337_02.jpg,Healthy\Healthy337_02.jpg,Healthy337,Healthy
Healthy338_01.jpg,Healthy\Healthy338_01.jpg,Healthy338,Healthy
Healthy339_01.jpg,Healthy\Healthy339_01.jpg,Healthy339,Healthy
Healthy340_01.jpg,Healthy\Healthy340_01.jpg,Healthy340,Healthy
Healthy341_01.jpg,Healthy\Healthy341_01.jpg,Healthy341,Healthy
Healthy341_02.jpg,Healthy\Healthy341_02.jpg,Healthy341,Healthy
Healthy341_03.jpg,Healthy\Healthy341_03.jpg,Healthy341,Healthy
Healthy342_01.jpg,Healthy\Healthy342_01.jpg,Healthy342,Healthy
Healthy344_01.jpg,Healthy\Healthy344_01.jpg,Healthy344,Healthy
Healthy346_01.jpg,Healthy\Healthy346_01.jpg,Healthy346,Healthy
Healthy346_02.jpg,Healthy\Healthy346_02.jpg,Healthy346,Healthy
Healthy346_03.jpg,Healthy\Healthy346_03.jpg,Healthy346,Healthy
Healthy346_04.jpg,Healthy\Healthy346_04.jpg,Healthy346,Healthy
Healthy347_01.jpg,Healthy\Healthy347_01.jpg,Healthy347,Healthy
Healthy347_02.jpg,Healthy\Healthy347_02.jpg,Healthy347,Healthy
Healthy347_03.jpg,Healthy\Healthy347_03.jpg,Healthy347,Healthy
Healthy349_01.jpg,Healthy\Healthy349_01.jpg,Healthy349,Healthy
Healthy349_02.jpg,Healthy\Healthy349_02.jpg,Healthy349,Healthy
Healthy349_03.jpg,Healthy\Healthy349_03.jpg,Healthy349,Healthy
Healthy352_01.jpg,Healthy\Healthy352_01.jpg,Healthy352,Healthy
Healthy353_01.jpg,Healthy\Healthy353_01.jpg,Healthy353,Healthy
Healthy354_01.jpg,Healthy\Healthy354_01.jpg,Healthy354,Healthy
Healthy355_01.jpg,Healthy\Healthy355_01.jpg,Healthy355,Healthy
Healthy355_02.jpg,Healthy\Healthy355_02.jpg,Healthy355,Healthy
Healthy356_01.jpg,Healthy\Healthy356_01.jpg,Healthy356,Healthy
Healthy356_02.jpg,Healthy\Healthy356_02.jpg,Healthy356,Healthy
Healthy360_01.jpg,Healthy\Healthy360_01.jpg,Healthy360,Healthy
Healthy360_02.jpg,Healthy\Healthy360_02.jpg,Healthy360,Healthy
Healthy360_03.jpg,Healthy\Healthy360_03.jpg,Healthy360,Healthy
Healthy361_01.jpg,Healthy\Healthy361_01.jpg,Healthy361,Healthy
Healthy363_01.jpg,Healthy\Healthy363_01.jpg,Healthy363,Healthy
Healthy363_02.jpg,Healthy\Healthy363_02.jpg,Healthy363,Healthy
Healthy363_03.jpg,Healthy\Healthy363_03.jpg,Healthy363,Healthy
Healthy364_01.jpg,Healthy\Healthy364_01.jpg,Healthy364,Healthy
Healthy365_01.jpg,Healthy\Healthy365_01.jpg,Healthy365,Healthy
Healthy365_02.jpg,Healthy\Healthy365_02.jpg,Healthy365,Healthy
Healthy365_03.jpg,Healthy\Healthy365_03.jpg,Healthy365,Healthy
Healthy365_04.jpg,Healthy\Healthy365_04.jpg,Healthy365,Healthy
Healthy369_01.jpg,Healthy\Healthy369_01.jpg,Healthy369,Healthy
Healthy370_01.jpg,Healthy\Healthy370_01.jpg,Healthy370,Healthy
Healthy370_02.jpg,Healthy\Healthy370_02.jpg,Healthy370,Healthy
Healthy373_01.jpg,Healthy\Healthy373_01.jpg,Healthy373,Healthy
Healthy375_01.jpg,Healthy\Healthy375_01.jpg,Healthy375,Healthy
Healthy377_01.jpg,Healthy\Healthy377_01.jpg,Healthy377,Healthy
Healthy377_02.jpg,Healthy\Healthy377_02.jpg,Healthy377,Healthy
Healthy377_03.jpg,Healthy\Healthy377_03.jpg,Healthy377,Healthy
Healthy379_01.jpg,Healthy\Healthy379_01.jpg,Healthy379,Healthy
Healthy379_02.jpg,Healthy\Healthy379_02.jpg,Healthy379,Healthy
Healthy380_01.jpg,Healthy\Healthy380_01.jpg,Healthy380,Healthy
Healthy384_01.jpg,Healthy\Healthy384_01.jpg,Healthy384,Healthy
Healthy385_01.jpg,Healthy\Healthy385_01.jpg,Healthy385,Healthy
Healthy385_02.jpg,Healthy\Healthy385_02.jpg,Healthy385,Healthy
Healthy387_01.jpg,Healthy\Healthy387_01.jpg,Healthy387,Healthy
Healthy388_01.jpg,Healthy\Healthy388_01.jpg,Healthy388,Healthy
Healthy389_01.jpg,Healthy\Healthy389_01.jpg,Healthy389,Healthy
Healthy390_01.jpg,Healthy\Healthy390_01.jpg,Healthy390,Healthy
Healthy392_01.jpg,Healthy\Healthy392_01.jpg,Healthy392,Healthy
Healthy392_02.jpg,Healthy\Healthy392_02.jpg,Healthy392,Healthy
Mild001_01.jpg,Mild\Mild001_01.jpg,Mild001,Mild
Mild001_02.jpg,Mild\Mild001_02.jpg,Mild001,Mild
Mild002_01.jpg,Mild\Mild002_01.jpg,Mild002,Mild
Mild002_02.jpg,Mild\Mild002_02.jpg,Mild002,Mild
Mild002_03.jpg,Mild\Mild002_03.jpg,Mild002,Mild
Mild003_01.jpg,Mild\Mild003_01.jpg,Mild003,Mild
Mild003_02.jpg,Mild\Mild003_02.jpg,Mild003,Mild
Mild003_03.jpg,Mild\Mild003_03.jpg,Mild003,Mild
Mild004_01.jpg,Mild\Mild004_01.jpg,Mild004,Mild
Mild004_02.jpg,Mild\Mild004_02.jpg,Mild004,Mild
Mild006_01.jpg,Mild\Mild006_01.jpg,Mild006,Mild
Mild007_01.jpg,Mild\Mild007_01.jpg,Mild007,Mild
Mild007_02.jpg,Mild\Mild007_02.jpg,Mild007,Mild
Mild007_03.jpg,Mild\Mild007_03.jpg,Mild007,Mild
Mild009_01.jpg,Mild\Mild009_01.jpg,Mild009,Mild
Mild009_02.jpg,Mild\Mild009_02.jpg,Mild009,Mild
Mild010_01.jpg,Mild\Mild010_01.jpg,Mild010,Mild
Mild010_02.jpg,Mild\Mild010_02.jpg,Mild010,Mild
Mild012_01.jpg,Mild\Mild012_01.jpg,Mild012,Mild
Mild012_02.jpg,Mild\Mild012_02.jpg,Mild012,Mild
Mild012_03.jpg,Mild\Mild012_03.jpg,Mild012,Mild
Mild013_01.jpg,Mild\Mild013_01.jpg,Mild013,Mild
Mild013_02.jpg,Mild\Mild013_02.jpg,Mild013,Mild
Mild013_03.jpg,Mild\Mild013_03.jpg,Mild013,Mild
Mild014_01.jpg,Mild\Mild014_01.jpg,Mild014,Mild
Mild014_02.jpg,Mild\Mild014_02.jpg,Mild014,Mild
Mild018_01.jpg,Mild\Mild018_01.jpg,Mild018,Mild
Mild018_02.jpg,Mild\Mild018_02.jpg,Mild018,Mild
Mild019_01.jpg,Mild\Mild019_01.jpg,Mild019,Mild
Mild019_02.jpg,Mild\Mild019_02.jpg,Mild019,Mild
Mild019_03.jpg,Mild\Mild019_03.jpg,Mild019,Mild
Mild020_01.jpg,Mild\Mild020_01.jpg,Mild020,Mild
Mild020_02.jpg,Mild\Mild020_02.jpg,Mild020,Mild
Mild022_01.jpg,Mild\Mild022_01.jpg,Mild022,Mild
Mild022_02.jpg,Mild\Mild022_02.jpg,Mild022,Mild
Mild022_03.jpg,Mild\Mild022_03.jpg,Mild022,Mild
Mild023_01.jpg,Mild\Mild023_01.jpg,Mild023,Mild
Mild023_02.jpg,Mild\Mild023_02.jpg,Mild023,Mild
Mild023_03.jpg,Mild\Mild023_03.jpg,Mild023,Mild
Mild024_01.jpg,Mild\Mild024_01.jpg,Mild024,Mild
Mild024_02.jpg,Mild\Mild024_02.jpg,Mild024,Mild
Mild024_03.jpg,Mild\Mild024_03.jpg,Mild024,Mild
Mild024_04.jpg,Mild\Mild024_04.jpg,Mild024,Mild
Mild025_01.jpg,Mild\Mild025_01.jpg,Mild025,Mild
Mild027_01.jpg,Mild\Mild027_01.jpg,Mild027,Mild
Mild027_02.jpg,Mild\Mild027_02.jpg,Mild027,Mild
Mild027_03.jpg,Mild\Mild027_03.jpg,Mild027,Mild
Mild027_04.jpg,Mild\Mild027_04.jpg,Mild027,Mild
Mild028_01.jpg,Mild\Mild028_01.jpg,Mild028,Mild
Mild028_02.jpg,Mild\Mild028_02.jpg,Mild028,Mild
Mild028_03.jpg,Mild\Mild028_03.jpg,Mild028,Mild
Mild032_01.jpg,Mild\Mild032_01.jpg,Mild032,Mild
Mild032_02.jpg,Mild\Mild032_02.jpg,Mild032,Mild
Mild033_01.jpg,Mild\Mild033_01.jpg,Mild033,Mild
Mild034_01.jpg,Mild\Mild034_01.jpg,Mild034,Mild
Mild034_02.jpg,Mild\Mild034_02.jpg,Mild034,Mild
Mild036_01.jpg,Mild\Mild036_01.jpg,Mild036,Mild
Mild036_02.jpg,Mild\Mild036_02.jpg,Mild036,Mild
Mild036_03.jpg,Mild\Mild036_03.jpg,Mild036,Mild
Mild036_04.jpg,Mild\Mild036_04.jpg,Mild036,Mild
Mild037_01.jpg,Mild\Mild037_01.jpg,Mild037,Mild
Mild037_02.jpg,Mild\Mild037_02.jpg,Mild037,Mild
Mild037_03.jpg,Mild\Mild037_03.jpg,Mild037,Mild
Mild040_01.jpg,Mild\Mild040_01.jpg,Mild040,Mild
Mild040_02.jpg,Mild\Mild040_02.jpg,Mild040,Mild
Mild041_01.jpg,Mild\Mild041_01.jpg,Mild041,Mild
Mild041_02.jpg,Mild\Mild041_02.jpg,Mild041,Mild
Mild041_03.jpg,Mild\Mild041_03.jpg,Mild041,Mild
Mild042_01.jpg,Mild\Mild042_01.jpg,Mild042,Mild
Mild042_02.jpg,Mild\Mild042_02.jpg,Mild042,Mild
Mild042_03.jpg,Mild\Mild042_03.jpg,Mild042,Mild
Mild042_04.jpg,Mild\Mild042_04.jpg,Mild042,Mild
Mild042_05.jpg,Mild\Mild042_05.jpg,Mild042,Mild
Mild043_01.jpg,Mild\Mild043_01.jpg,Mild043,Mild
Mild043_02.jpg,Mild\Mild043_02.jpg,Mild043,Mild
Mild043_03.jpg,Mild\Mild043_03.jpg,Mild043,Mild
Mild047_01.jpg,Mild\Mild047_01.jpg,Mild047,Mild
Mild047_02.jpg,Mild\Mild047_02.jpg,Mild047,Mild
Mild049_01.jpg,Mild\Mild049_01.jpg,Mild049,Mild
Mild049_02.jpg,Mild\Mild049_02.jpg,Mild049,Mild
Mild049_03.jpg,Mild\Mild049_03.jpg,Mild049,Mild
Mild049_04.jpg,Mild\Mild049_04.jpg,Mild049,Mild
Mild051_01.jpg,Mild\Mild051_01.jpg,Mild051,Mild
Mild051_02.jpg,Mild\Mild051_02.jpg,Mild051,Mild
Mild052_01.jpg,Mild\Mild052_01.jpg,Mild052,Mild
Mild052_02.jpg,Mild\Mild052_02.jpg,Mild052,Mild
Mild052_03.jpg,Mild\Mild052_03.jpg,Mild052,Mild
Mild053_01.jpg,Mild\Mild053_01.jpg,Mild053,Mild
Mild053_02.jpg,Mild\Mild053_02.jpg,Mild053,Mild
Mild053_03.jpg,Mild\Mild053_03.jpg,Mild053,Mild
Mild054_01.jpg,Mild\Mild054_01.jpg,Mild054,Mild
Mild054_02.jpg,Mild\Mild054_02.jpg,Mild054,Mild
Mild054_03.jpg,Mild\Mild054_03.jpg,Mild054,Mild
Mild054_04.jpg,Mild\Mild054_04.jpg,Mild054,Mild
Mild055_01.jpg,Mild\Mild055_01.jpg,Mild055,Mild
Mild055_02.jpg,Mild\Mild055_02.jpg,Mild055,Mild
Mild055_03.jpg,Mild\Mild055_03.jpg,Mild055,Mild
Mild056_01.jpg,Mild\Mild056_01.jpg,Mild056,Mild
Mild056_02.jpg,Mild\Mild056_02.jpg,Mild056,Mild
Mild057_01.jpg,Mild\Mild057_01.jpg,Mild057,Mild
Mild058_01.jpg,Mild\Mild058_01.jpg,Mild058,Mild
Mild059_01.jpg,Mild\Mild059_01.jpg,Mild059,Mild
Mild059_02.jpg,Mild\Mild059_02.jpg,Mild059,Mild
Mild060_01.jpg,Mild\Mild060_01.jpg,Mild060,Mild
Mild060_02.jpg,Mild\Mild060_02.jpg,Mild060,Mild
Mild060_03.jpg,Mild\Mild060_03.jpg,Mild060,Mild
Mild060_04.jpg,Mild\Mild060_04.jpg,Mild060,Mild
Mild061_01.jpg,Mild\Mild061_01.jpg,Mild061,Mild
Mild061_02.jpg,Mild\Mild061_02.jpg,Mild061,Mild
Mild061_03.jpg,Mild\Mild061_03.jpg,Mild061,Mild
Mild062_01.jpg,Mild\Mild062_01.jpg,Mild062,Mild
Mild062_02.jpg,Mild\Mild062_02.jpg,Mild062,Mild
Mild062_03.jpg,Mild\Mild062_03.jpg,Mild062,Mild
Mild062_04.jpg,Mild\Mild062_04.jpg,Mild062,Mild
Mild063_01.jpg,Mild\Mild063_01.jpg,Mild063,Mild
Mild063_02.jpg,Mild\Mild063_02.jpg,Mild063,Mild
Mild063_03.jpg,Mild\Mild063_03.jpg,Mild063,Mild
Mild063_04.jpg,Mild\Mild063_04.jpg,Mild063,Mild
Mild063_05.jpg,Mild\Mild063_05.jpg,Mild063,Mild
Mild065_01.jpg,Mild\Mild065_01.jpg,Mild065,Mild
Mild065_02.jpg,Mild\Mild065_02.jpg,Mild065,Mild
Mild066_01.jpg,Mild\Mild066_01.jpg,Mild066,Mild
Mild066_02.jpg,Mild\Mild066_02.jpg,Mild066,Mild
Mild066_03.jpg,Mild\Mild066_03.jpg,Mild066,Mild
Mild067_01.jpg,Mild\Mild067_01.jpg,Mild067,Mild
Mild069_01.jpg,Mild\Mild069_01.jpg,Mild069,Mild
Mild069_02.jpg,Mild\Mild069_02.jpg,Mild069,Mild
Mild069_03.jpg,Mild\Mild069_03.jpg,Mild069,Mild
Mild070_01.jpg,Mild\Mild070_01.jpg,Mild070,Mild
Mild071_01.jpg,Mild\Mild071_01.jpg,Mild071,Mild
Mild071_02.jpg,Mild\Mild071_02.jpg,Mild071,Mild
Mild071_03.jpg,Mild\Mild071_03.jpg,Mild071,Mild
Mild071_04.jpg,Mild\Mild071_04.jpg,Mild071,Mild
Mild071_05.jpg,Mild\Mild071_05.jpg,Mild071,Mild
Mild072_01.jpg,Mild\Mild072_01.jpg,Mild072,Mild
Mild072_02.jpg,Mild\Mild072_02.jpg,Mild072,Mild
Mild072_03.jpg,Mild\Mild072_03.jpg,Mild072,Mild
Mild072_04.jpg,Mild\Mild072_04.jpg,Mild072,Mild
Mild072_05.jpg,Mild\Mild072_05.jpg,Mild072,Mild
Mild072_06.jpg,Mild\Mild072_06.jpg,Mild072,Mild
Mild072_07.jpg,Mild\Mild072_07.jpg,Mild072,Mild
Mild073_01.jpg,Mild\Mild073_01.jpg,Mild073,Mild
Mild073_02.jpg,Mild\Mild073_02.jpg,Mild073,Mild
Mild075_01.jpg,Mild\Mild075_01.jpg,Mild075,Mild
Mild075_02.jpg,Mild\Mild075_02.jpg,Mild075,Mild
Mild075_03.jpg,Mild\Mild075_03.jpg,Mild075,Mild
Mild076_01.jpg,Mild\Mild076_01.jpg,Mild076,Mild
Mild076_02.jpg,Mild\Mild076_02.jpg,Mild076,Mild
Mild076_03.jpg,Mild\Mild076_03.jpg,Mild076,Mild
Mild076_04.jpg,Mild\Mild076_04.jpg,Mild076,Mild
Mild078_01.jpg,Mild\Mild078_01.jpg,Mild078,Mild
Mild078_02.jpg,Mild\Mild078_02.jpg,Mild078,Mild
Mild078_03.jpg,Mild\Mild078_03.jpg,Mild078,Mild
Mild078_04.jpg,Mild\Mild078_04.jpg,Mild078,Mild
Mild079_01.jpg,Mild\Mild079_01.jpg,Mild079,Mild
Mild079_02.jpg,Mild\Mild079_02.jpg,Mild079,Mild
Mild079_03.jpg,Mild\Mild079_03.jpg,Mild079,Mild
Mild080_01.jpg,Mild\Mild080_01.jpg,Mild080,Mild
Mild080_02.jpg,Mild\Mild080_02.jpg,Mild080,Mild
Mild080_03.jpg,Mild\Mild080_03.jpg,Mild080,Mild
Mild082_01.jpg,Mild\Mild082_01.jpg,Mild082,Mild
Mild083_01.jpg,Mild\Mild083_01.jpg,Mild083,Mild
Mild083_02.jpg,Mild\Mild083_02.jpg,Mild083,Mild
Mild085_01.jpg,Mild\Mild085_01.jpg,Mild085,Mild
Mild085_02.jpg,Mild\Mild085_02.jpg,Mild085,Mild
Mild085_03.jpg,Mild\Mild085_03.jpg,Mild085,Mild
Mild085_04.jpg,Mild\Mild085_04.jpg,Mild085,Mild
Mild086_01.jpg,Mild\Mild086_01.jpg,Mild086,Mild
Mild088_01.jpg,Mild\Mild088_01.jpg,Mild088,Mild
Mild088_02.jpg,Mild\Mild088_02.jpg,Mild088,Mild
Mild088_03.jpg,Mild\Mild088_03.jpg,Mild088,Mild
Mild089_01.jpg,Mild\Mild089_01.jpg,Mild089,Mild
Mild089_02.jpg,Mild\Mild089_02.jpg,Mild089,Mild
Mild090_01.jpg,Mild\Mild090_01.jpg,Mild090,Mild
Mild090_02.jpg,Mild\Mild090_02.jpg,Mild090,Mild
Mild091_01.jpg,Mild\Mild091_01.jpg,Mild091,Mild
Mild091_02.jpg,Mild\Mild091_02.jpg,Mild091,Mild
Mild091_03.jpg,Mild\Mild091_03.jpg,Mild091,Mild
Mild091_04.jpg,Mild\Mild091_04.jpg,Mild091,Mild
Mild092_01.jpg,Mild\Mild092_01.jpg,Mild092,Mild
Mild092_02.jpg,Mild\Mild092_02.jpg,Mild092,Mild
Mild092_03.jpg,Mild\Mild092_03.jpg,Mild092,Mild
Mild093_01.jpg,Mild\Mild093_01.jpg,Mild093,Mild
Mild093_02.jpg,Mild\Mild093_02.jpg,Mild093,Mild
Mild093_03.jpg,Mild\Mild093_03.jpg,Mild093,Mild
Mild094_01.jpg,Mild\Mild094_01.jpg,Mild094,Mild
Mild094_02.jpg,Mild\Mild094_02.jpg,Mild094,Mild
Mild095_01.jpg,Mild\Mild095_01.jpg,Mild095,Mild
Mild095_02.jpg,Mild\Mild095_02.jpg,Mild095,Mild
Mild095_03.jpg,Mild\Mild095_03.jpg,Mild095,Mild
Mild096_01.jpg,Mild\Mild096_01.jpg,Mild096,Mild
Mild096_02.jpg,Mild\Mild096_02.jpg,Mild096,Mild
Mild096_03.jpg,Mild\Mild096_03.jpg,Mild096,Mild
Mild096_04.jpg,Mild\Mild096_04.jpg,Mild096,Mild
Mild097_01.jpg,Mild\Mild097_01.jpg,Mild097,Mild
Mild100_01.jpg,Mild\Mild100_01.jpg,Mild100,Mild
Mild102_01.jpg,Mild\Mild102_01.jpg,Mild102,Mild
Mild102_02.jpg,Mild\Mild102_02.jpg,Mild102,Mild
Mild104_01.jpg,Mild\Mild104_01.jpg,Mild104,Mild
Mild105_01.jpg,Mild\Mild105_01.jpg,Mild105,Mild
Mild105_02.jpg,Mild\Mild105_02.jpg,Mild105,Mild
Mild105_03.jpg,Mild\Mild105_03.jpg,Mild105,Mild
Mild105_04.jpg,Mild\Mild105_04.jpg,Mild105,Mild
Mild105_05.jpg,Mild\Mild105_05.jpg,Mild105,Mild
Mild105_06.jpg,Mild\Mild105_06.jpg,Mild105,Mild
Mild106_01.jpg,Mild\Mild106_01.jpg,Mild106,Mild
Mild106_02.jpg,Mild\Mild106_02.jpg,Mild106,Mild
Mild107_01.jpg,Mild\Mild107_01.jpg,Mild107,Mild
Mild108_01.jpg,Mild\Mild108_01.jpg,Mild108,Mild
Mild108_02.jpg,Mild\Mild108_02.jpg,Mild108,Mild
Mild108_03.jpg,Mild\Mild108_03.jpg,Mild108,Mild
Mild109_01.jpg,Mild\Mild109_01.jpg,Mild109,Mild
Mild109_02.jpg,Mild\Mild109_02.jpg,Mild109,Mild
Mild110_01.jpg,Mild\Mild110_01.jpg,Mild110,Mild
Mild110_02.jpg,Mild\Mild110_02.jpg,Mild110,Mild
Mild110_03.jpg,Mild\Mild110_03.jpg,Mild110,Mild
Mild110_04.jpg,Mild\Mild110_04.jpg,Mild110,Mild
Mild113_01.jpg,Mild\Mild113_01.jpg,Mild113,Mild
Mild113_02.jpg,Mild\Mild113_02.jpg,Mild113,Mild
Mild113_03.jpg,Mild\Mild113_03.jpg,Mild113,Mild
Mild113_04.jpg,Mild\Mild113_04.jpg,Mild113,Mild
Mild114_01.jpg,Mild\Mild114_01.jpg,Mild114,Mild
Mild114_02.jpg,Mild\Mild114_02.jpg,Mild114,Mild
Mild114_03.jpg,Mild\Mild114_03.jpg,Mild114,Mild
Mild114_04.jpg,Mild\Mild114_04.jpg,Mild114,Mild
Mild114_05.jpg,Mild\Mild114_05.jpg,Mild114,Mild
Mild114_06.jpg,Mild\Mild114_06.jpg,Mild114,Mild
Mild117_01.jpg,Mild\Mild117_01.jpg,Mild117,Mild
Mild117_02.jpg,Mild\Mild117_02.jpg,Mild117,Mild
Mild118_01.jpg,Mild\Mild118_01.jpg,Mild118,Mild
Mild118_02.jpg,Mild\Mild118_02.jpg,Mild118,Mild
Mild118_03.jpg,Mild\Mild118_03.jpg,Mild118,Mild
Mild119_01.jpg,Mild\Mild119_01.jpg,Mild119,Mild
Mild119_02.jpg,Mild\Mild119_02.jpg,Mild119,Mild
Mild120_01.jpg,Mild\Mild120_01.jpg,Mild120,Mild
Mild120_02.jpg,Mild\Mild120_02.jpg,Mild120,Mild
Mild121_01.jpg,Mild\Mild121_01.jpg,Mild121,Mild
Mild121_02.jpg,Mild\Mild121_02.jpg,Mild121,Mild
Mild121_03.jpg,Mild\Mild121_03.jpg,Mild121,Mild
Mild121_04.jpg,Mild\Mild121_04.jpg,Mild121,Mild
Mild123_01.jpg,Mild\Mild123_01.jpg,Mild123,Mild
Mild123_02.jpg,Mild\Mild123_02.jpg,Mild123,Mild
Mild124_01.jpg,Mild\Mild124_01.jpg,Mild124,Mild
Mild124_02.jpg,Mild\Mild124_02.jpg,Mild124,Mild
Mild124_03.jpg,Mild\Mild124_03.jpg,Mild124,Mild
Mild125_01.jpg,Mild\Mild125_01.jpg,Mild125,Mild
Mild125_02.jpg,Mild\Mild125_02.jpg,Mild125,Mild
Mild125_03.jpg,Mild\Mild125_03.jpg,Mild125,Mild
Mild126_01.jpg,Mild\Mild126_01.jpg,Mild126,Mild
Mild126_02.jpg,Mild\Mild126_02.jpg,Mild126,Mild
Mild126_03.jpg,Mild\Mild126_03.jpg,Mild126,Mild
Mild126_04.jpg,Mild\Mild126_04.jpg,Mild126,Mild
Mild126_05.jpg,Mild\Mild126_05.jpg,Mild126,Mild
Mild126_06.jpg,Mild\Mild126_06.jpg,Mild126,Mild
Mild127_01.jpg,Mild\Mild127_01.jpg,Mild127,Mild
Mild127_02.jpg,Mild\Mild127_02.jpg,Mild127,Mild
Mild129_01.jpg,Mild\Mild129_01.jpg,Mild129,Mild
Mild129_02.jpg,Mild\Mild129_02.jpg,Mild129,Mild
Mild129_03.jpg,Mild\Mild129_03.jpg,Mild129,Mild
Mild130_01.jpg,Mild\Mild130_01.jpg,Mild130,Mild
Mild130_02.jpg,Mild\Mild130_02.jpg,Mild130,Mild
Mild131_01.jpg,Mild\Mild131_01.jpg,Mild131,Mild
Mild131_02.jpg,Mild\Mild131_02.jpg,Mild131,Mild
Mild132_01.jpg,Mild\Mild132_01.jpg,Mild132,Mild
Mild132_02.jpg,Mild\Mild132_02.jpg,Mild132,Mild
Mild132_03.jpg,Mild\Mild132_03.jpg,Mild132,Mild
Mild132_04.jpg,Mild\Mild132_04.jpg,Mild132,Mild
Mild133_01.jpg,Mild\Mild133_01.jpg,Mild133,Mild
Mild133_02.jpg,Mild\Mild133_02.jpg,Mild133,Mild
Mild133_03.jpg,Mild\Mild133_03.jpg,Mild133,Mild
Mild136_01.jpg,Mild\Mild136_01.jpg,Mild136,Mild
Mild136_02.jpg,Mild\Mild136_02.jpg,Mild136,Mild
Mild136_03.jpg,Mild\Mild136_03.jpg,Mild136,Mild
Mild136_04.jpg,Mild\Mild136_04.jpg,Mild136,Mild
Mild136_05.jpg,Mild\Mild136_05.jpg,Mild136,Mild
Mild137_01.jpg,Mild\Mild137_01.jpg,Mild137,Mild
Mild137_02.jpg,Mild\Mild137_02.jpg,Mild137,Mild
Mild138_01.jpg,Mild\Mild138_01.jpg,Mild138,Mild
Mild138_02.jpg,Mild\Mild138_02.jpg,Mild138,Mild
Mild139_01.jpg,Mild\Mild139_01.jpg,Mild139,Mild
Mild139_02.jpg,Mild\Mild139_02.jpg,Mild139,Mild
Mild141_01.jpg,Mild\Mild141_01.jpg,Mild141,Mild
Mild141_02.jpg,Mild\Mild141_02.jpg,Mild141,Mild
Mild142_01.jpg,Mild\Mild142_01.jpg,Mild142,Mild
Mild142_02.jpg,Mild\Mild142_02.jpg,Mild142,Mild
Mild142_03.jpg,Mild\Mild142_03.jpg,Mild142,Mild
Mild143_01.jpg,Mild\Mild143_01.jpg,Mild143,Mild
Mild143_02.jpg,Mild\Mild143_02.jpg,Mild143,Mild
Mild143_03.jpg,Mild\Mild143_03.jpg,Mild143,Mild
Mild144_01.jpg,Mild\Mild144_01.jpg,Mild144,Mild
Mild145_01.jpg,Mild\Mild145_01.jpg,Mild145,Mild
Mild145_02.jpg,Mild\Mild145_02.jpg,Mild145,Mild
Mild146_01.jpg,Mild\Mild146_01.jpg,Mild146,Mild
Mild146_02.jpg,Mild\Mild146_02.jpg,Mild146,Mild
Mild146_03.jpg,Mild\Mild146_03.jpg,Mild146,Mild
Mild149_01.jpg,Mild\Mild149_01.jpg,Mild149,Mild
Mild149_02.jpg,Mild\Mild149_02.jpg,Mild149,Mild
Mild149_03.jpg,Mild\Mild149_03.jpg,Mild149,Mild
Mild150_01.jpg,Mild\Mild150_01.jpg,Mild150,Mild
Mild150_02.jpg,Mild\Mild150_02.jpg,Mild150,Mild
Mild150_03.jpg,Mild\Mild150_03.jpg,Mild150,Mild
Mild151_01.jpg,Mild\Mild151_01.jpg,Mild151,Mild
Mild151_02.jpg,Mild\Mild151_02.jpg,Mild151,Mild
Mild151_03.jpg,Mild\Mild151_03.jpg,Mild151,Mild
Mild152_01.jpg,Mild\Mild152_01.jpg,Mild152,Mild
Mild152_02.jpg,Mild\Mild152_02.jpg,Mild152,Mild
Mild154_01.jpg,Mild\Mild154_01.jpg,Mild154,Mild
Mild155_01.jpg,Mild\Mild155_01.jpg,Mild155,Mild
Mild156_01.jpg,Mild\Mild156_01.jpg,Mild156,Mild
Mild156_02.jpg,Mild\Mild156_02.jpg,Mild156,Mild
Mild157_01.jpg,Mild\Mild157_01.jpg,Mild157,Mild
Mild157_02.jpg,Mild\Mild157_02.jpg,Mild157,Mild
Mild158_01.jpg,Mild\Mild158_01.jpg,Mild158,Mild
Mild158_02.jpg,Mild\Mild158_02.jpg,Mild158,Mild
Mild158_03.jpg,Mild\Mild158_03.jpg,Mild158,Mild
Mild161_01.jpg,Mild\Mild161_01.jpg,Mild161,Mild
Mild161_02.jpg,Mild\Mild161_02.jpg,Mild161,Mild
Mild161_03.jpg,Mild\Mild161_03.jpg,Mild161,Mild
Mild162_01.jpg,Mild\Mild162_01.jpg,Mild162,Mild
Mild167_01.jpg,Mild\Mild167_01.jpg,Mild167,Mild
Mild167_02.jpg,Mild\Mild167_02.jpg,Mild167,Mild
Mild168_01.jpg,Mild\Mild168_01.jpg,Mild168,Mild
Mild168_02.jpg,Mild\Mild168_02.jpg,Mild168,Mild
Mild169_01.jpg,Mild\Mild169_01.jpg,Mild169,Mild
Mild170_01.jpg,Mild\Mild170_01.jpg,Mild170,Mild
Mild170_02.jpg,Mild\Mild170_02.jpg,Mild170,Mild
Mild170_03.jpg,Mild\Mild170_03.jpg,Mild170,Mild
Mild171_01.jpg,Mild\Mild171_01.jpg,Mild171,Mild
Mild171_02.jpg,Mild\Mild171_02.jpg,Mild171,Mild
Mild173_01.jpg,Mild\Mild173_01.jpg,Mild173,Mild
Mild174_01.jpg,Mild\Mild174_01.jpg,Mild174,Mild
Mild174_02.jpg,Mild\Mild174_02.jpg,Mild174,Mild
Mild174_03.jpg,Mild\Mild174_03.jpg,Mild174,Mild
Mild175_01.jpg,Mild\Mild175_01.jpg,Mild175,Mild
Mild175_02.jpg,Mild\Mild175_02.jpg,Mild175,Mild
Mild175_03.jpg,Mild\Mild175_03.jpg,Mild175,Mild
Mild175_04.jpg,Mild\Mild175_04.jpg,Mild175,Mild
Mild175_05.jpg,Mild\Mild175_05.jpg,Mild175,Mild
Mild175_06.jpg,Mild\Mild175_06.jpg,Mild175,Mild
Mild175_07.jpg,Mild\Mild175_07.jpg,Mild175,Mild
Mild176_01.jpg,Mild\Mild176_01.jpg,Mild176,Mild
Mild176_02.jpg,Mild\Mild176_02.jpg,Mild176,Mild
Mild176_03.jpg,Mild\Mild176_03.jpg,Mild176,Mild
Mild176_04.jpg,Mild\Mild176_04.jpg,Mild176,Mild
Mild176_05.jpg,Mild\Mild176_05.jpg,Mild176,Mild
Mild176_06.jpg,Mild\Mild176_06.jpg,Mild176,Mild
Mild179_01.jpg,Mild\Mild179_01.jpg,Mild179,Mild
Mild179_02.jpg,Mild\Mild179_02.jpg,Mild179,Mild
Mild179_03.jpg,Mild\Mild179_03.jpg,Mild179,Mild
Mild179_04.jpg,Mild\Mild179_04.jpg,Mild179,Mild
Mild180_01.jpg,Mild\Mild180_01.jpg,Mild180,Mild
Mild180_02.jpg,Mild\Mild180_02.jpg,Mild180,Mild
Mild180_03.jpg,Mild\Mild180_03.jpg,Mild180,Mild
Mild180_04.jpg,Mild\Mild180_04.jpg,Mild180,Mild
Mild183_01.jpg,Mild\Mild183_01.jpg,Mild183,Mild
Mild183_02.jpg,Mild\Mild183_02.jpg,Mild183,Mild
Mild185_01.jpg,Mild\Mild185_01.jpg,Mild185,Mild
Mild186_01.jpg,Mild\Mild186_01.jpg,Mild186,Mild
Mild191_01.jpg,Mild\Mild191_01.jpg,Mild191,Mild
Mild191_02.jpg,Mild\Mild191_02.jpg,Mild191,Mild
Mild192_01.jpg,Mild\Mild192_01.jpg,Mild192,Mild
Mild192_02.jpg,Mild\Mild192_02.jpg,Mild192,Mild
Mild192_03.jpg,Mild\Mild192_03.jpg,Mild192,Mild
Mild193_01.jpg,Mild\Mild193_01.jpg,Mild193,Mild
Mild193_02.jpg,Mild\Mild193_02.jpg,Mild193,Mild
Mild196_01.jpg,Mild\Mild196_01.jpg,Mild196,Mild
Mild196_02.jpg,Mild\Mild196_02.jpg,Mild196,Mild
Mild197_01.jpg,Mild\Mild197_01.jpg,Mild197,Mild
Mild197_02.jpg,Mild\Mild197_02.jpg,Mild197,Mild
Mild197_03.jpg,Mild\Mild197_03.jpg,Mild197,Mild
Mild198_01.jpg,Mild\Mild198_01.jpg,Mild198,Mild
Mild198_02.jpg,Mild\Mild198_02.jpg,Mild198,Mild
Mild198_03.jpg,Mild\Mild198_03.jpg,Mild198,Mild
Mild199_01.jpg,Mild\Mild199_01.jpg,Mild199,Mild
Mild201_01.jpg,Mild\Mild201_01.jpg,Mild201,Mild
Mild201_02.jpg,Mild\Mild201_02.jpg,Mild201,Mild
Mild203_01.jpg,Mild\Mild203_01.jpg,Mild203,Mild
Mild203_02.jpg,Mild\Mild203_02.jpg,Mild203,Mild
Mild206_01.jpg,Mild\Mild206_01.jpg,Mild206,Mild
Mild206_02.jpg,Mild\Mild206_02.jpg,Mild206,Mild
Mild207_01.jpg,Mild\Mild207_01.jpg,Mild207,Mild
Mild207_02.jpg,Mild\Mild207_02.jpg,Mild207,Mild
Mild207_03.jpg,Mild\Mild207_03.jpg,Mild207,Mild
Mild209_01.jpg,Mild\Mild209_01.jpg,Mild209,Mild
Mild210_01.jpg,Mild\Mild210_01.jpg,Mild210,Mild
Mild211_01.jpg,Mild\Mild211_01.jpg,Mild211,Mild
Mild211_02.jpg,Mild\Mild211_02.jpg,Mild211,Mild
Mild212_01.jpg,Mild\Mild212_01.jpg,Mild212,Mild
Mild212_02.jpg,Mild\Mild212_02.jpg,Mild212,Mild
Mild212_03.jpg,Mild\Mild212_03.jpg,Mild212,Mild
Mild212_04.jpg,Mild\Mild212_04.jpg,Mild212,Mild
Mild213_01.jpg,Mild\Mild213_01.jpg,Mild213,Mild
Mild213_02.jpg,Mild\Mild213_02.jpg,Mild213,Mild
Mild213_03.jpg,Mild\Mild213_03.jpg,Mild213,Mild
Mild213_04.jpg,Mild\Mild213_04.jpg,Mild213,Mild
Mild214_01.jpg,Mild\Mild214_01.jpg,Mild214,Mild
Mild214_02.jpg,Mild\Mild214_02.jpg,Mild214,Mild
Mild214_03.jpg,Mild\Mild214_03.jpg,Mild214,Mild
Mild214_04.jpg,Mild\Mild214_04.jpg,Mild214,Mild
Mild215_01.jpg,Mild\Mild215_01.jpg,Mild215,Mild
Mild215_02.jpg,Mild\Mild215_02.jpg,Mild215,Mild
Mild217_01.jpg,Mild\Mild217_01.jpg,Mild217,Mild
Mild217_02.jpg,Mild\Mild217_02.jpg,Mild217,Mild
Mild217_03.jpg,Mild\Mild217_03.jpg,Mild217,Mild
Mild219_01.jpg,Mild\Mild219_01.jpg,Mild219,Mild
Mild219_02.jpg,Mild\Mild219_02.jpg,Mild219,Mild
Mild219_03.jpg,Mild\Mild219_03.jpg,Mild219,Mild
Mild222_01.jpg,Mild\Mild222_01.jpg,Mild222,Mild
Mild222_02.jpg,Mild\Mild222_02.jpg,Mild222,Mild
Mild224_01.jpg,Mild\Mild224_01.jpg,Mild224,Mild
Mild224_02.jpg,Mild\Mild224_02.jpg,Mild224,Mild
Mild225_01.jpg,Mild\Mild225_01.jpg,Mild225,Mild
Mild225_02.jpg,Mild\Mild225_02.jpg,Mild225,Mild
Mild225_03.jpg,Mild\Mild225_03.jpg,Mild225,Mild
Mild226_01.jpg,Mild\Mild226_01.jpg,Mild226,Mild
Mild227_01.jpg,Mild\Mild227_01.jpg,Mild227,Mild
Mild227_02.jpg,Mild\Mild227_02.jpg,Mild227,Mild
Mild227_03.jpg,Mild\Mild227_03.jpg,Mild227,Mild
Mild228_01.jpg,Mild\Mild228_01.jpg,Mild228,Mild
Mild228_02.jpg,Mild\Mild228_02.jpg,Mild228,Mild
Mild228_03.jpg,Mild\Mild228_03.jpg,Mild228,Mild
Mild228_04.jpg,Mild\Mild228_04.jpg,Mild228,Mild
Mild229_01.jpg,Mild\Mild229_01.jpg,Mild229,Mild
Mild229_02.jpg,Mild\Mild229_02.jpg,Mild229,Mild
Mild229_03.jpg,Mild\Mild229_03.jpg,Mild229,Mild
Mild229_04.jpg,Mild\Mild229_04.jpg,Mild229,Mild
Mild230_01.jpg,Mild\Mild230_01.jpg,Mild230,Mild
Mild230_02.jpg,Mild\Mild230_02.jpg,Mild230,Mild
Mild231_01.jpg,Mild\Mild231_01.jpg,Mild231,Mild
Mild233_01.jpg,Mild\Mild233_01.jpg,Mild233,Mild
Mild233_02.jpg,Mild\Mild233_02.jpg,Mild233,Mild
Mild233_03.jpg,Mild\Mild233_03.jpg,Mild233,Mild
Mild235_01.jpg,Mild\Mild235_01.jpg,Mild235,Mild
Mild235_02.jpg,Mild\Mild235_02.jpg,Mild235,Mild
Mild235_03.jpg,Mild\Mild235_03.jpg,Mild235,Mild
Mild235_04.jpg,Mild\Mild235_04.jpg,Mild235,Mild
Mild235_05.jpg,Mild\Mild235_05.jpg,Mild235,Mild
Mild235_06.jpg,Mild\Mild235_06.jpg,Mild235,Mild
Mild236_01.jpg,Mild\Mild236_01.jpg,Mild236,Mild
Mild237_01.jpg,Mild\Mild237_01.jpg,Mild237,Mild
Mild237_02.jpg,Mild\Mild237_02.jpg,Mild237,Mild
Mild238_01.jpg,Mild\Mild238_01.jpg,Mild238,Mild
Mild239_01.jpg,Mild\Mild239_01.jpg,Mild239,Mild
Mild239_02.jpg,Mild\Mild239_02.jpg,Mild239,Mild
Mild240_01.jpg,Mild\Mild240_01.jpg,Mild240,Mild
Mild241_01.jpg,Mild\Mild241_01.jpg,Mild241,Mild
Mild243_01.jpg,Mild\Mild243_01.jpg,Mild243,Mild
Mild244_01.jpg,Mild\Mild244_01.jpg,Mild244,Mild
Mild245_01.jpg,Mild\Mild245_01.jpg,Mild245,Mild
Mild245_02.jpg,Mild\Mild245_02.jpg,Mild245,Mild
Mild245_03.jpg,Mild\Mild245_03.jpg,Mild245,Mild
Mild245_04.jpg,Mild\Mild245_04.jpg,Mild245,Mild
Mild245_05.jpg,Mild\Mild245_05.jpg,Mild245,Mild
Mild245_06.jpg,Mild\Mild245_06.jpg,Mild245,Mild
Mild247_01.jpg,Mild\Mild247_01.jpg,Mild247,Mild
Mild247_02.jpg,Mild\Mild247_02.jpg,Mild247,Mild
Mild247_03.jpg,Mild\Mild247_03.jpg,Mild247,Mild
Mild247_04.jpg,Mild\Mild247_04.jpg,Mild247,Mild
Mild249_01.jpg,Mild\Mild249_01.jpg,Mild249,Mild
Mild249_02.jpg,Mild\Mild249_02.jpg,Mild249,Mild
Mild249_03.jpg,Mild\Mild249_03.jpg,Mild249,Mild
Mild250_01.jpg,Mild\Mild250_01.jpg,Mild250,Mild
Mild250_02.jpg,Mild\Mild250_02.jpg,Mild250,Mild
Mild250_03.jpg,Mild\Mild250_03.jpg,Mild250,Mild
Mild250_04.jpg,Mild\Mild250_04.jpg,Mild250,Mild
Mild250_05.jpg,Mild\Mild250_05.jpg,Mild250,Mild
Mild252_01.jpg,Mild\Mild252_01.jpg,Mild252,Mild
Mild252_02.jpg,Mild\Mild252_02.jpg,Mild252,Mild
Mild252_03.jpg,Mild\Mild252_03.jpg,Mild252,Mild
Mild252_04.jpg,Mild\Mild252_04.jpg,Mild252,Mild
Mild257_01.jpg,Mild\Mild257_01.jpg,Mild257,Mild
Mild257_02.jpg,Mild\Mild257_02.jpg,Mild257,Mild
Mild258_01.jpg,Mild\Mild258_01.jpg,Mild258,Mild
Mild258_02.jpg,Mild\Mild258_02.jpg,Mild258,Mild
Mild259_01.jpg,Mild\Mild259_01.jpg,Mild259,Mild
Mild260_01.jpg,Mild\Mild260_01.jpg,Mild260,Mild
Mild261_01.jpg,Mild\Mild261_01.jpg,Mild261,Mild
Mild262_01.jpg,Mild\Mild262_01.jpg,Mild262,Mild
Mild263_01.jpg,Mild\Mild263_01.jpg,Mild263,Mild
Mild264_01.jpg,Mild\Mild264_01.jpg,Mild264,Mild
Mild265_01.jpg,Mild\Mild265_01.jpg,Mild265,Mild
Mild267_01.jpg,Mild\Mild267_01.jpg,Mild267,Mild
Mild268_01.jpg,Mild\Mild268_01.jpg,Mild268,Mild
Mild269_01.jpg,Mild\Mild269_01.jpg,Mild269,Mild
Mild271_01.jpg,Mild\Mild271_01.jpg,Mild271,Mild
Mild271_02.jpg,Mild\Mild271_02.jpg,Mild271,Mild
Mild271_03.jpg,Mild\Mild271_03.jpg,Mild271,Mild
Mild273_01.jpg,Mild\Mild273_01.jpg,Mild273,Mild
Mild273_02.jpg,Mild\Mild273_02.jpg,Mild273,Mild
Mild274_01.jpg,Mild\Mild274_01.jpg,Mild274,Mild
Mild274_02.jpg,Mild\Mild274_02.jpg,Mild274,Mild
Mild275_01.jpg,Mild\Mild275_01.jpg,Mild275,Mild
Mild275_02.jpg,Mild\Mild275_02.jpg,Mild275,Mild
Mild275_03.jpg,Mild\Mild275_03.jpg,Mild275,Mild
Mild276_01.jpg,Mild\Mild276_01.jpg,Mild276,Mild
Mild276_02.jpg,Mild\Mild276_02.jpg,Mild276,Mild
Mild276_03.jpg,Mild\Mild276_03.jpg,Mild276,Mild
Mild277_01.jpg,Mild\Mild277_01.jpg,Mild277,Mild
Mild278_01.jpg,Mild\Mild278_01.jpg,Mild278,Mild
Mild281_01.jpg,Mild\Mild281_01.jpg,Mild281,Mild
Mild282_01.jpg,Mild\Mild282_01.jpg,Mild282,Mild
Mild283_01.jpg,Mild\Mild283_01.jpg,Mild283,Mild
Mild283_02.jpg,Mild\Mild283_02.jpg,Mild283,Mild
Mild283_03.jpg,Mild\Mild283_03.jpg,Mild283,Mild
Mild284_01.jpg,Mild\Mild284_01.jpg,Mild284,Mild
Mild284_02.jpg,Mild\Mild284_02.jpg,Mild284,Mild
Mild285_01.jpg,Mild\Mild285_01.jpg,Mild285,Mild
Mild285_02.jpg,Mild\Mild285_02.jpg,Mild285,Mild
Mild285_03.jpg,Mild\Mild285_03.jpg,Mild285,Mild
Mild286_01.jpg,Mild\Mild286_01.jpg,Mild286,Mild
Mild287_01.jpg,Mild\Mild287_01.jpg,Mild287,Mild
Mild289_01.jpg,Mild\Mild289_01.jpg,Mild289,Mild
Mild289_02.jpg,Mild\Mild289_02.jpg,Mild289,Mild
Mild289_03.jpg,Mild\Mild289_03.jpg,Mild289,Mild
Mild290_01.jpg,Mild\Mild290_01.jpg,Mild290,Mild
Mild290_02.jpg,Mild\Mild290_02.jpg,Mild290,Mild
Mild292_01.jpg,Mild\Mild292_01.jpg,Mild292,Mild
Mild292_02.jpg,Mild\Mild292_02.jpg,Mild292,Mild
Mild292_03.jpg,Mild\Mild292_03.jpg,Mild292,Mild
Mild292_04.jpg,Mild\Mild292_04.jpg,Mild292,Mild
Mild293_01.jpg,Mild\Mild293_01.jpg,Mild293,Mild
Mild293_02.jpg,Mild\Mild293_02.jpg,Mild293,Mild
Mild293_03.jpg,Mild\Mild293_03.jpg,Mild293,Mild
Mild293_04.jpg,Mild\Mild293_04.jpg,Mild293,Mild
Mild293_05.jpg,Mild\Mild293_05.jpg,Mild293,Mild
Mild293_06.jpg,Mild\Mild293_06.jpg,Mild293,Mild
Mild294_01.jpg,Mild\Mild294_01.jpg,Mild294,Mild
Mild294_02.jpg,Mild\Mild294_02.jpg,Mild294,Mild
Mild294_03.jpg,Mild\Mild294_03.jpg,Mild294,Mild
Mild294_04.jpg,Mild\Mild294_04.jpg,Mild294,Mild
Mild295_01.jpg,Mild\Mild295_01.jpg,Mild295,Mild
Mild296_01.jpg,Mild\Mild296_01.jpg,Mild296,Mild
Mild296_02.jpg,Mild\Mild296_02.jpg,Mild296,Mild
Mild297_01.jpg,Mild\Mild297_01.jpg,Mild297,Mild
Mild297_02.jpg,Mild\Mild297_02.jpg,Mild297,Mild
Mild297_03.jpg,Mild\Mild297_03.jpg,Mild297,Mild
Mild299_01.jpg,Mild\Mild299_01.jpg,Mild299,Mild
Mild299_02.jpg,Mild\Mild299_02.jpg,Mild299,Mild
Mild299_03.jpg,Mild\Mild299_03.jpg,Mild299,Mild
Mild300_01.jpg,Mild\Mild300_01.jpg,Mild300,Mild
Mild300_02.jpg,Mild\Mild300_02.jpg,Mild300,Mild
Mild301_01.jpg,Mild\Mild301_01.jpg,Mild301,Mild
Mild301_02.jpg,Mild\Mild301_02.jpg,Mild301,Mild
Mild301_03.jpg,Mild\Mild301_03.jpg,Mild301,Mild
Mild302_01.jpg,Mild\Mild302_01.jpg,Mild302,Mild
Mild302_02.jpg,Mild\Mild302_02.jpg,Mild302,Mild
Mild303_01.jpg,Mild\Mild303_01.jpg,Mild303,Mild
Mild303_02.jpg,Mild\Mild303_02.jpg,Mild303,Mild
Mild303_03.jpg,Mild\Mild303_03.jpg,Mild303,Mild
Mild303_04.jpg,Mild\Mild303_04.jpg,Mild303,Mild
Mild304_01.jpg,Mild\Mild304_01.jpg,Mild304,Mild
Mild304_02.jpg,Mild\Mild304_02.jpg,Mild304,Mild
Mild304_03.jpg,Mild\Mild304_03.jpg,Mild304,Mild
Mild304_04.jpg,Mild\Mild304_04.jpg,Mild304,Mild
Mild304_05.jpg,Mild\Mild304_05.jpg,Mild304,Mild
Mild306_01.jpg,Mild\Mild306_01.jpg,Mild306,Mild
Mild306_02.jpg,Mild\Mild306_02.jpg,Mild306,Mild
Mild306_03.jpg,Mild\Mild306_03.jpg,Mild306,Mild
Mild307_01.jpg,Mild\Mild307_01.jpg,Mild307,Mild
Mild307_02.jpg,Mild\Mild307_02.jpg,Mild307,Mild
Mild307_03.jpg,Mild\Mild307_03.jpg,Mild307,Mild
Mild309_01.jpg,Mild\Mild309_01.jpg,Mild309,Mild
Mild309_02.jpg,Mild\Mild309_02.jpg,Mild309,Mild
Mild309_03.jpg,Mild\Mild309_03.jpg,Mild309,Mild
Mild309_04.jpg,Mild\Mild309_04.jpg,Mild309,Mild
Mild309_05.jpg,Mild\Mild309_05.jpg,Mild309,Mild
Mild310_01.jpg,Mild\Mild310_01.jpg,Mild310,Mild
Mild310_02.jpg,Mild\Mild310_02.jpg,Mild310,Mild
Mild310_03.jpg,Mild\Mild310_03.jpg,Mild310,Mild
Mild310_04.jpg,Mild\Mild310_04.jpg,Mild310,Mild
Moderate001_01.jpg,Moderate\Moderate001_01.jpg,Moderate001,Moderate
Moderate001_02.jpg,Moderate\Moderate001_02.jpg,Moderate001,Moderate
Moderate001_03.jpg,Moderate\Moderate001_03.jpg,Moderate001,Moderate
Moderate001_04.jpg,Moderate\Moderate001_04.jpg,Moderate001,Moderate
Moderate001_05.jpg,Moderate\Moderate001_05.jpg,Moderate001,Moderate
Moderate001_06.jpg,Moderate\Moderate001_06.jpg,Moderate001,Moderate
Moderate001_07.jpg,Moderate\Moderate001_07.jpg,Moderate001,Moderate
Moderate003_01.jpg,Moderate\Moderate003_01.jpg,Moderate003,Moderate
Moderate003_02.jpg,Moderate\Moderate003_02.jpg,Moderate003,Moderate
Moderate003_03.jpg,Moderate\Moderate003_03.jpg,Moderate003,Moderate
Moderate003_04.jpg,Moderate\Moderate003_04.jpg,Moderate003,Moderate
Moderate003_05.jpg,Moderate\Moderate003_05.jpg,Moderate003,Moderate
Moderate003_06.jpg,Moderate\Moderate003_06.jpg,Moderate003,Moderate
Moderate003_07.jpg,Moderate\Moderate003_07.jpg,Moderate003,Moderate
Moderate003_08.jpg,Moderate\Moderate003_08.jpg,Moderate003,Moderate
Moderate003_09.jpg,Moderate\Moderate003_09.jpg,Moderate003,Moderate
Moderate003_10.jpg,Moderate\Moderate003_10.jpg,Moderate003,Moderate
Moderate006_01.jpg,Moderate\Moderate006_01.jpg,Moderate006,Moderate
Moderate007_01.jpg,Moderate\Moderate007_01.jpg,Moderate007,Moderate
Moderate007_02.jpg,Moderate\Moderate007_02.jpg,Moderate007,Moderate
Moderate007_03.jpg,Moderate\Moderate007_03.jpg,Moderate007,Moderate
Moderate008_01.jpg,Moderate\Moderate008_01.jpg,Moderate008,Moderate
Moderate008_02.jpg,Moderate\Moderate008_02.jpg,Moderate008,Moderate
Moderate008_03.jpg,Moderate\Moderate008_03.jpg,Moderate008,Moderate
Moderate012_01.jpg,Moderate\Moderate012_01.jpg,Moderate012,Moderate
Moderate012_02.jpg,Moderate\Moderate012_02.jpg,Moderate012,Moderate
Moderate012_03.jpg,Moderate\Moderate012_03.jpg,Moderate012,Moderate
Moderate012_04.jpg,Moderate\Moderate012_04.jpg,Moderate012,Moderate
Moderate012_05.jpg,Moderate\Moderate012_05.jpg,Moderate012,Moderate
Moderate012_06.jpg,Moderate\Moderate012_06.jpg,Moderate012,Moderate
Moderate012_07.jpg,Moderate\Moderate012_07.jpg,Moderate012,Moderate
Moderate012_08.jpg,Moderate\Moderate012_08.jpg,Moderate012,Moderate
Moderate012_09.jpg,Moderate\Moderate012_09.jpg,Moderate012,Moderate
Moderate012_10.jpg,Moderate\Moderate012_10.jpg,Moderate012,Moderate
Moderate012_11.jpg,Moderate\Moderate012_11.jpg,Moderate012,Moderate
Moderate012_12.jpg,Moderate\Moderate012_12.jpg,Moderate012,Moderate
Moderate012_13.jpg,Moderate\Moderate012_13.jpg,Moderate012,Moderate
Moderate012_14.jpg,Moderate\Moderate012_14.jpg,Moderate012,Moderate
Moderate012_15.jpg,Moderate\Moderate012_15.jpg,Moderate012,Moderate
Moderate012_16.jpg,Moderate\Moderate012_16.jpg,Moderate012,Moderate
Moderate012_17.jpg,Moderate\Moderate012_17.jpg,Moderate012,Moderate
Moderate016_01.jpg,Moderate\Moderate016_01.jpg,Moderate016,Moderate
Moderate016_02.jpg,Moderate\Moderate016_02.jpg,Moderate016,Moderate
Moderate016_03.jpg,Moderate\Moderate016_03.jpg,Moderate016,Moderate
Moderate016_04.jpg,Moderate\Moderate016_04.jpg,Moderate016,Moderate
Moderate016_05.jpg,Moderate\Moderate016_05.jpg,Moderate016,Moderate
Moderate016_06.jpg,Moderate\Moderate016_06.jpg,Moderate016,Moderate
Moderate016_07.jpg,Moderate\Moderate016_07.jpg,Moderate016,Moderate
Moderate016_08.jpg,Moderate\Moderate016_08.jpg,Moderate016,Moderate
Moderate017_01.jpg,Moderate\Moderate017_01.jpg,Moderate017,Moderate
Moderate018_01.jpg,Moderate\Moderate018_01.jpg,Moderate018,Moderate
Moderate018_02.jpg,Moderate\Moderate018_02.jpg,Moderate018,Moderate
Moderate019_01.jpg,Moderate\Moderate019_01.jpg,Moderate019,Moderate
Moderate019_02.jpg,Moderate\Moderate019_02.jpg,Moderate019,Moderate
Moderate019_03.jpg,Moderate\Moderate019_03.jpg,Moderate019,Moderate
Moderate021_01.jpg,Moderate\Moderate021_01.jpg,Moderate021,Moderate
Moderate021_02.jpg,Moderate\Moderate021_02.jpg,Moderate021,Moderate
Moderate021_03.jpg,Moderate\Moderate021_03.jpg,Moderate021,Moderate
Moderate021_04.jpg,Moderate\Moderate021_04.jpg,Moderate021,Moderate
Moderate021_05.jpg,Moderate\Moderate021_05.jpg,Moderate021,Moderate
Moderate021_06.jpg,Moderate\Moderate021_06.jpg,Moderate021,Moderate
Moderate021_07.jpg,Moderate\Moderate021_07.jpg,Moderate021,Moderate
Moderate022_01.jpg,Moderate\Moderate022_01.jpg,Moderate022,Moderate
Moderate022_02.jpg,Moderate\Moderate022_02.jpg,Moderate022,Moderate
Moderate022_03.jpg,Moderate\Moderate022_03.jpg,Moderate022,Moderate
Moderate023_01.jpg,Moderate\Moderate023_01.jpg,Moderate023,Moderate
Moderate023_02.jpg,Moderate\Moderate023_02.jpg,Moderate023,Moderate
Moderate024_01.jpg,Moderate\Moderate024_01.jpg,Moderate024,Moderate
Moderate024_02.jpg,Moderate\Moderate024_02.jpg,Moderate024,Moderate
Moderate024_03.jpg,Moderate\Moderate024_03.jpg,Moderate024,Moderate
Moderate024_04.jpg,Moderate\Moderate024_04.jpg,Moderate024,Moderate
Moderate024_05.jpg,Moderate\Moderate024_05.jpg,Moderate024,Moderate
Moderate025_01.jpg,Moderate\Moderate025_01.jpg,Moderate025,Moderate
Moderate025_02.jpg,Moderate\Moderate025_02.jpg,Moderate025,Moderate
Moderate025_03.jpg,Moderate\Moderate025_03.jpg,Moderate025,Moderate
Moderate025_04.jpg,Moderate\Moderate025_04.jpg,Moderate025,Moderate
Moderate025_05.jpg,Moderate\Moderate025_05.jpg,Moderate025,Moderate
Moderate025_06.jpg,Moderate\Moderate025_06.jpg,Moderate025,Moderate
Moderate026_01.jpg,Moderate\Moderate026_01.jpg,Moderate026,Moderate
Moderate027_01.jpg,Moderate\Moderate027_01.jpg,Moderate027,Moderate
Moderate027_02.jpg,Moderate\Moderate027_02.jpg,Moderate027,Moderate
Moderate027_03.jpg,Moderate\Moderate027_03.jpg,Moderate027,Moderate
Moderate027_04.jpg,Moderate\Moderate027_04.jpg,Moderate027,Moderate
Moderate027_05.jpg,Moderate\Moderate027_05.jpg,Moderate027,Moderate
Moderate028_01.jpg,Moderate\Moderate028_01.jpg,Moderate028,Moderate
Moderate028_02.jpg,Moderate\Moderate028_02.jpg,Moderate028,Moderate
Moderate028_03.jpg,Moderate\Moderate028_03.jpg,Moderate028,Moderate
Moderate028_04.jpg,Moderate\Moderate028_04.jpg,Moderate028,Moderate
Moderate028_05.jpg,Moderate\Moderate028_05.jpg,Moderate028,Moderate
Moderate028_06.jpg,Moderate\Moderate028_06.jpg,Moderate028,Moderate
Moderate029_01.jpg,Moderate\Moderate029_01.jpg,Moderate029,Moderate
Moderate029_02.jpg,Moderate\Moderate029_02.jpg,Moderate029,Moderate
Moderate029_03.jpg,Moderate\Moderate029_03.jpg,Moderate029,Moderate
Moderate029_04.jpg,Moderate\Moderate029_04.jpg,Moderate029,Moderate
Moderate029_05.jpg,Moderate\Moderate029_05.jpg,Moderate029,Moderate
Moderate029_06.jpg,Moderate\Moderate029_06.jpg,Moderate029,Moderate
Moderate030_01.jpg,Moderate\Moderate030_01.jpg,Moderate030,Moderate
Moderate030_02.jpg,Moderate\Moderate030_02.jpg,Moderate030,Moderate
Moderate030_03.jpg,Moderate\Moderate030_03.jpg,Moderate030,Moderate
Moderate030_04.jpg,Moderate\Moderate030_04.jpg,Moderate030,Moderate
Moderate030_05.jpg,Moderate\Moderate030_05.jpg,Moderate030,Moderate
Moderate032_01.jpg,Moderate\Moderate032_01.jpg,Moderate032,Moderate
Moderate033_01.jpg,Moderate\Moderate033_01.jpg,Moderate033,Moderate
Moderate038_01.jpg,Moderate\Moderate038_01.jpg,Moderate038,Moderate
Moderate038_02.jpg,Moderate\Moderate038_02.jpg,Moderate038,Moderate
Moderate039_01.jpg,Moderate\Moderate039_01.jpg,Moderate039,Moderate
Moderate040_01.jpg,Moderate\Moderate040_01.jpg,Moderate040,Moderate
Moderate040_02.jpg,Moderate\Moderate040_02.jpg,Moderate040,Moderate
Moderate040_03.jpg,Moderate\Moderate040_03.jpg,Moderate040,Moderate
Moderate043_01.jpg,Moderate\Moderate043_01.jpg,Moderate043,Moderate
Moderate044_01.jpg,Moderate\Moderate044_01.jpg,Moderate044,Moderate
Moderate046_01.jpg,Moderate\Moderate046_01.jpg,Moderate046,Moderate
Moderate046_02.jpg,Moderate\Moderate046_02.jpg,Moderate046,Moderate
Moderate046_03.jpg,Moderate\Moderate046_03.jpg,Moderate046,Moderate
Moderate046_04.jpg,Moderate\Moderate046_04.jpg,Moderate046,Moderate
Moderate047_01.jpg,Moderate\Moderate047_01.jpg,Moderate047,Moderate
Moderate047_02.jpg,Moderate\Moderate047_02.jpg,Moderate047,Moderate
Moderate047_03.jpg,Moderate\Moderate047_03.jpg,Moderate047,Moderate
Moderate047_04.jpg,Moderate\Moderate047_04.jpg,Moderate047,Moderate
Moderate051_01.jpg,Moderate\Moderate051_01.jpg,Moderate051,Moderate
Moderate051_02.jpg,Moderate\Moderate051_02.jpg,Moderate051,Moderate
Moderate051_03.jpg,Moderate\Moderate051_03.jpg,Moderate051,Moderate
Moderate051_04.jpg,Moderate\Moderate051_04.jpg,Moderate051,Moderate
Moderate052_01.jpg,Moderate\Moderate052_01.jpg,Moderate052,Moderate
Moderate054_01.jpg,Moderate\Moderate054_01.jpg,Moderate054,Moderate
Moderate055_01.jpg,Moderate\Moderate055_01.jpg,Moderate055,Moderate
Moderate055_02.jpg,Moderate\Moderate055_02.jpg,Moderate055,Moderate
Moderate055_03.jpg,Moderate\Moderate055_03.jpg,Moderate055,Moderate
Moderate055_04.jpg,Moderate\Moderate055_04.jpg,Moderate055,Moderate
Moderate055_05.jpg,Moderate\Moderate055_05.jpg,Moderate055,Moderate
Moderate056_01.jpg,Moderate\Moderate056_01.jpg,Moderate056,Moderate
Moderate056_02.jpg,Moderate\Moderate056_02.jpg,Moderate056,Moderate
Moderate056_03.jpg,Moderate\Moderate056_03.jpg,Moderate056,Moderate
Moderate056_04.jpg,Moderate\Moderate056_04.jpg,Moderate056,Moderate
Moderate056_05.jpg,Moderate\Moderate056_05.jpg,Moderate056,Moderate
Moderate056_06.jpg,Moderate\Moderate056_06.jpg,Moderate056,Moderate
Moderate056_07.jpg,Moderate\Moderate056_07.jpg,Moderate056,Moderate
Moderate056_08.jpg,Moderate\Moderate056_08.jpg,Moderate056,Moderate
Moderate058_01.jpg,Moderate\Moderate058_01.jpg,Moderate058,Moderate
Moderate058_02.jpg,Moderate\Moderate058_02.jpg,Moderate058,Moderate
Moderate058_03.jpg,Moderate\Moderate058_03.jpg,Moderate058,Moderate
Moderate058_04.jpg,Moderate\Moderate058_04.jpg,Moderate058,Moderate
Moderate058_05.jpg,Moderate\Moderate058_05.jpg,Moderate058,Moderate
Moderate058_06.jpg,Moderate\Moderate058_06.jpg,Moderate058,Moderate
Moderate059_01.jpg,Moderate\Moderate059_01.jpg,Moderate059,Moderate
Moderate059_02.jpg,Moderate\Moderate059_02.jpg,Moderate059,Moderate
Moderate059_03.jpg,Moderate\Moderate059_03.jpg,Moderate059,Moderate
Moderate059_04.jpg,Moderate\Moderate059_04.jpg,Moderate059,Moderate
Moderate059_05.jpg,Moderate\Moderate059_05.jpg,Moderate059,Moderate
Moderate060_01.jpg,Moderate\Moderate060_01.jpg,Moderate060,Moderate
Moderate061_01.jpg,Moderate\Moderate061_01.jpg,Moderate061,Moderate
Moderate062_01.jpg,Moderate\Moderate062_01.jpg,Moderate062,Moderate
Moderate062_02.jpg,Moderate\Moderate062_02.jpg,Moderate062,Moderate
Moderate064_01.jpg,Moderate\Moderate064_01.jpg,Moderate064,Moderate
Moderate064_02.jpg,Moderate\Moderate064_02.jpg,Moderate064,Moderate
Moderate064_03.jpg,Moderate\Moderate064_03.jpg,Moderate064,Moderate
Moderate064_04.jpg,Moderate\Moderate064_04.jpg,Moderate064,Moderate
Moderate064_05.jpg,Moderate\Moderate064_05.jpg,Moderate064,Moderate
Moderate065_01.jpg,Moderate\Moderate065_01.jpg,Moderate065,Moderate
Moderate066_01.jpg,Moderate\Moderate066_01.jpg,Moderate066,Moderate
Moderate067_01.jpg,Moderate\Moderate067_01.jpg,Moderate067,Moderate
Moderate067_02.jpg,Moderate\Moderate067_02.jpg,Moderate067,Moderate
Moderate068_01.jpg,Moderate\Moderate068_01.jpg,Moderate068,Moderate
Moderate068_02.jpg,Moderate\Moderate068_02.jpg,Moderate068,Moderate
Moderate068_03.jpg,Moderate\Moderate068_03.jpg,Moderate068,Moderate
Moderate069_01.jpg,Moderate\Moderate069_01.jpg,Moderate069,Moderate
Moderate070_01.jpg,Moderate\Moderate070_01.jpg,Moderate070,Moderate
Moderate071_01.jpg,Moderate\Moderate071_01.jpg,Moderate071,Moderate
Moderate073_01.jpg,Moderate\Moderate073_01.jpg,Moderate073,Moderate
Moderate073_02.jpg,Moderate\Moderate073_02.jpg,Moderate073,Moderate
Moderate073_03.jpg,Moderate\Moderate073_03.jpg,Moderate073,Moderate
Moderate073_04.jpg,Moderate\Moderate073_04.jpg,Moderate073,Moderate
Moderate073_05.jpg,Moderate\Moderate073_05.jpg,Moderate073,Moderate
Moderate073_06.jpg,Moderate\Moderate073_06.jpg,Moderate073,Moderate
Moderate073_07.jpg,Moderate\Moderate073_07.jpg,Moderate073,Moderate
Moderate073_08.jpg,Moderate\Moderate073_08.jpg,Moderate073,Moderate
Moderate073_09.jpg,Moderate\Moderate073_09.jpg,Moderate073,Moderate
Moderate075_01.jpg,Moderate\Moderate075_01.jpg,Moderate075,Moderate
Moderate075_02.jpg,Moderate\Moderate075_02.jpg,Moderate075,Moderate
Moderate075_03.jpg,Moderate\Moderate075_03.jpg,Moderate075,Moderate
Moderate075_04.jpg,Moderate\Moderate075_04.jpg,Moderate075,Moderate
Moderate076_01.jpg,Moderate\Moderate076_01.jpg,Moderate076,Moderate
Moderate076_02.jpg,Moderate\Moderate076_02.jpg,Moderate076,Moderate
Moderate076_03.jpg,Moderate\Moderate076_03.jpg,Moderate076,Moderate
Moderate076_04.jpg,Moderate\Moderate076_04.jpg,Moderate076,Moderate
Moderate076_05.jpg,Moderate\Moderate076_05.jpg,Moderate076,Moderate
Moderate077_01.jpg,Moderate\Moderate077_01.jpg,Moderate077,Moderate
Moderate077_02.jpg,Moderate\Moderate077_02.jpg,Moderate077,Moderate
Moderate077_03.jpg,Moderate\Moderate077_03.jpg,Moderate077,Moderate
Moderate077_04.jpg,Moderate\Moderate077_04.jpg,Moderate077,Moderate
Moderate077_05.jpg,Moderate\Moderate077_05.jpg,Moderate077,Moderate
Moderate077_06.jpg,Moderate\Moderate077_06.jpg,Moderate077,Moderate
Moderate077_07.jpg,Moderate\Moderate077_07.jpg,Moderate077,Moderate
Moderate077_08.jpg,Moderate\Moderate077_08.jpg,Moderate077,Moderate
Moderate077_09.jpg,Moderate\Moderate077_09.jpg,Moderate077,Moderate
Moderate078_01.jpg,Moderate\Moderate078_01.jpg,Moderate078,Moderate
Moderate078_02.jpg,Moderate\Moderate078_02.jpg,Moderate078,Moderate
Moderate078_03.jpg,Moderate\Moderate078_03.jpg,Moderate078,Moderate
Moderate078_04.jpg,Moderate\Moderate078_04.jpg,Moderate078,Moderate
Moderate078_05.jpg,Moderate\Moderate078_05.jpg,Moderate078,Moderate
Moderate078_06.jpg,Moderate\Moderate078_06.jpg,Moderate078,Moderate
Moderate079_01.jpg,Moderate\Moderate079_01.jpg,Moderate079,Moderate
Moderate079_02.jpg,Moderate\Moderate079_02.jpg,Moderate079,Moderate
Moderate079_03.jpg,Moderate\Moderate079_03.jpg,Moderate079,Moderate
Moderate079_04.jpg,Moderate\Moderate079_04.jpg,Moderate079,Moderate
Moderate079_05.jpg,Moderate\Moderate079_05.jpg,Moderate079,Moderate
Moderate079_06.jpg,Moderate\Moderate079_06.jpg,Moderate079,Moderate
Moderate079_07.jpg,Moderate\Moderate079_07.jpg,Moderate079,Moderate
Moderate079_08.jpg,Moderate\Moderate079_08.jpg,Moderate079,Moderate
Moderate080_01.jpg,Moderate\Moderate080_01.jpg,Moderate080,Moderate
Moderate080_02.jpg,Moderate\Moderate080_02.jpg,Moderate080,Moderate
Moderate080_03.jpg,Moderate\Moderate080_03.jpg,Moderate080,Moderate
Moderate080_04.jpg,Moderate\Moderate080_04.jpg,Moderate080,Moderate
Moderate082_01.jpg,Moderate\Moderate082_01.jpg,Moderate082,Moderate
Moderate082_02.jpg,Moderate\Moderate082_02.jpg,Moderate082,Moderate
Moderate084_01.jpg,Moderate\Moderate084_01.jpg,Moderate084,Moderate
Moderate084_02.jpg,Moderate\Moderate084_02.jpg,Moderate084,Moderate
Moderate084_03.jpg,Moderate\Moderate084_03.jpg,Moderate084,Moderate
Moderate086_01.jpg,Moderate\Moderate086_01.jpg,Moderate086,Moderate
Moderate086_02.jpg,Moderate\Moderate086_02.jpg,Moderate086,Moderate
Moderate086_03.jpg,Moderate\Moderate086_03.jpg,Moderate086,Moderate
Moderate086_04.jpg,Moderate\Moderate086_04.jpg,Moderate086,Moderate
Moderate088_01.jpg,Moderate\Moderate088_01.jpg,Moderate088,Moderate
Moderate088_02.jpg,Moderate\Moderate088_02.jpg,Moderate088,Moderate
Moderate089_01.jpg,Moderate\Moderate089_01.jpg,Moderate089,Moderate
Moderate089_02.jpg,Moderate\Moderate089_02.jpg,Moderate089,Moderate
Moderate090_01.jpg,Moderate\Moderate090_01.jpg,Moderate090,Moderate
Moderate090_02.jpg,Moderate\Moderate090_02.jpg,Moderate090,Moderate
Moderate090_03.jpg,Moderate\Moderate090_03.jpg,Moderate090,Moderate
Moderate090_04.jpg,Moderate\Moderate090_04.jpg,Moderate090,Moderate
Moderate090_05.jpg,Moderate\Moderate090_05.jpg,Moderate090,Moderate
Moderate090_06.jpg,Moderate\Moderate090_06.jpg,Moderate090,Moderate
Moderate091_01.jpg,Moderate\Moderate091_01.jpg,Moderate091,Moderate
Moderate093_01.jpg,Moderate\Moderate093_01.jpg,Moderate093,Moderate
Moderate093_02.jpg,Moderate\Moderate093_02.jpg,Moderate093,Moderate
Moderate093_03.jpg,Moderate\Moderate093_03.jpg,Moderate093,Moderate
Moderate095_01.jpg,Moderate\Moderate095_01.jpg,Moderate095,Moderate
Moderate095_02.jpg,Moderate\Moderate095_02.jpg,Moderate095,Moderate
Moderate096_01.jpg,Moderate\Moderate096_01.jpg,Moderate096,Moderate
Moderate096_02.jpg,Moderate\Moderate096_02.jpg,Moderate096,Moderate
Moderate096_03.jpg,Moderate\Moderate096_03.jpg,Moderate096,Moderate
Moderate096_04.jpg,Moderate\Moderate096_04.jpg,Moderate096,Moderate
Moderate096_05.jpg,Moderate\Moderate096_05.jpg,Moderate096,Moderate
Moderate096_06.jpg,Moderate\Moderate096_06.jpg,Moderate096,Moderate
Moderate096_07.jpg,Moderate\Moderate096_07.jpg,Moderate096,Moderate
Moderate097_01.jpg,Moderate\Moderate097_01.jpg,Moderate097,Moderate
Moderate097_02.jpg,Moderate\Moderate097_02.jpg,Moderate097,Moderate
Moderate097_03.jpg,Moderate\Moderate097_03.jpg,Moderate097,Moderate
Moderate097_04.jpg,Moderate\Moderate097_04.jpg,Moderate097,Moderate
Moderate098_01.jpg,Moderate\Moderate098_01.jpg,Moderate098,Moderate
Moderate098_02.jpg,Moderate\Moderate098_02.jpg,Moderate098,Moderate
Moderate099_01.jpg,Moderate\Moderate099_01.jpg,Moderate099,Moderate
Moderate099_02.jpg,Moderate\Moderate099_02.jpg,Moderate099,Moderate
Moderate099_03.jpg,Moderate\Moderate099_03.jpg,Moderate099,Moderate
Moderate099_04.jpg,Moderate\Moderate099_04.jpg,Moderate099,Moderate
Moderate099_05.jpg,Moderate\Moderate099_05.jpg,Moderate099,Moderate
Moderate100_01.jpg,Moderate\Moderate100_01.jpg,Moderate100,Moderate
Moderate100_02.jpg,Moderate\Moderate100_02.jpg,Moderate100,Moderate
Moderate102_01.jpg,Moderate\Moderate102_01.jpg,Moderate102,Moderate
Moderate102_02.jpg,Moderate\Moderate102_02.jpg,Moderate102,Moderate
Moderate102_03.jpg,Moderate\Moderate102_03.jpg,Moderate102,Moderate
Moderate103_01.jpg,Moderate\Moderate103_01.jpg,Moderate103,Moderate
Moderate103_02.jpg,Moderate\Moderate103_02.jpg,Moderate103,Moderate
Moderate103_03.jpg,Moderate\Moderate103_03.jpg,Moderate103,Moderate
Moderate105_01.jpg,Moderate\Moderate105_01.jpg,Moderate105,Moderate
Moderate105_02.jpg,Moderate\Moderate105_02.jpg,Moderate105,Moderate
Moderate105_03.jpg,Moderate\Moderate105_03.jpg,Moderate105,Moderate
Moderate105_04.jpg,Moderate\Moderate105_04.jpg,Moderate105,Moderate
Moderate105_05.jpg,Moderate\Moderate105_05.jpg,Moderate105,Moderate
Moderate105_06.jpg,Moderate\Moderate105_06.jpg,Moderate105,Moderate
Moderate107_01.jpg,Moderate\Moderate107_01.jpg,Moderate107,Moderate
Moderate107_02.jpg,Moderate\Moderate107_02.jpg,Moderate107,Moderate
Moderate107_03.jpg,Moderate\Moderate107_03.jpg,Moderate107,Moderate
Moderate108_01.jpg,Moderate\Moderate108_01.jpg,Moderate108,Moderate
Moderate108_02.jpg,Moderate\Moderate108_02.jpg,Moderate108,Moderate
Moderate108_03.jpg,Moderate\Moderate108_03.jpg,Moderate108,Moderate
Moderate109_01.jpg,Moderate\Moderate109_01.jpg,Moderate109,Moderate
Moderate110_01.jpg,Moderate\Moderate110_01.jpg,Moderate110,Moderate
Moderate110_02.jpg,Moderate\Moderate110_02.jpg,Moderate110,Moderate
Moderate113_01.jpg,Moderate\Moderate113_01.jpg,Moderate113,Moderate
Moderate113_02.jpg,Moderate\Moderate113_02.jpg,Moderate113,Moderate
Moderate113_03.jpg,Moderate\Moderate113_03.jpg,Moderate113,Moderate
Moderate113_04.jpg,Moderate\Moderate113_04.jpg,Moderate113,Moderate
Moderate114_01.jpg,Moderate\Moderate114_01.jpg,Moderate114,Moderate
Moderate114_02.jpg,Moderate\Moderate114_02.jpg,Moderate114,Moderate
Moderate114_03.jpg,Moderate\Moderate114_03.jpg,Moderate114,Moderate
Moderate114_04.jpg,Moderate\Moderate114_04.jpg,Moderate114,Moderate
Moderate114_05.jpg,Moderate\Moderate114_05.jpg,Moderate114,Moderate
Moderate114_06.jpg,Moderate\Moderate114_06.jpg,Moderate114,Moderate
Moderate115_01.jpg,Moderate\Moderate115_01.jpg,Moderate115,Moderate
Moderate115_02.jpg,Moderate\Moderate115_02.jpg,Moderate115,Moderate
Moderate115_03.jpg,Moderate\Moderate115_03.jpg,Moderate115,Moderate
Moderate115_04.jpg,Moderate\Moderate115_04.jpg,Moderate115,Moderate
Moderate115_05.jpg,Moderate\Moderate115_05.jpg,Moderate115,Moderate
Moderate115_06.jpg,Moderate\Moderate115_06.jpg,Moderate115,Moderate
Moderate115_07.jpg,Moderate\Moderate115_07.jpg,Moderate115,Moderate
Moderate116_01.jpg,Moderate\Moderate116_01.jpg,Moderate116,Moderate
Moderate116_02.jpg,Moderate\Moderate116_02.jpg,Moderate116,Moderate
Moderate116_03.jpg,Moderate\Moderate116_03.jpg,Moderate116,Moderate
Moderate116_04.jpg,Moderate\Moderate116_04.jpg,Moderate116,Moderate
Moderate116_05.jpg,Moderate\Moderate116_05.jpg,Moderate116,Moderate
Moderate117_01.jpg,Moderate\Moderate117_01.jpg,Moderate117,Moderate
Moderate117_02.jpg,Moderate\Moderate117_02.jpg,Moderate117,Moderate
Moderate117_03.jpg,Moderate\Moderate117_03.jpg,Moderate117,Moderate
Moderate117_04.jpg,Moderate\Moderate117_04.jpg,Moderate117,Moderate
Moderate117_05.jpg,Moderate\Moderate117_05.jpg,Moderate117,Moderate
Moderate117_06.jpg,Moderate\Moderate117_06.jpg,Moderate117,Moderate
Moderate117_07.jpg,Moderate\Moderate117_07.jpg,Moderate117,Moderate
Moderate117_08.jpg,Moderate\Moderate117_08.jpg,Moderate117,Moderate
Moderate117_09.jpg,Moderate\Moderate117_09.jpg,Moderate117,Moderate
Moderate117_10.jpg,Moderate\Moderate117_10.jpg,Moderate117,Moderate
Moderate117_11.jpg,Moderate\Moderate117_11.jpg,Moderate117,Moderate
Moderate117_12.jpg,Moderate\Moderate117_12.jpg,Moderate117,Moderate
Moderate119_01.jpg,Moderate\Moderate119_01.jpg,Moderate119,Moderate
Moderate120_01.jpg,Moderate\Moderate120_01.jpg,Moderate120,Moderate
Moderate121_01.jpg,Moderate\Moderate121_01.jpg,Moderate121,Moderate
Moderate121_02.jpg,Moderate\Moderate121_02.jpg,Moderate121,Moderate
Moderate121_03.jpg,Moderate\Moderate121_03.jpg,Moderate121,Moderate
Moderate122_01.jpg,Moderate\Moderate122_01.jpg,Moderate122,Moderate
Moderate122_02.jpg,Moderate\Moderate122_02.jpg,Moderate122,Moderate
Moderate123_01.jpg,Moderate\Moderate123_01.jpg,Moderate123,Moderate
Moderate124_01.jpg,Moderate\Moderate124_01.jpg,Moderate124,Moderate
Moderate125_01.jpg,Moderate\Moderate125_01.jpg,Moderate125,Moderate
Moderate126_01.jpg,Moderate\Moderate126_01.jpg,Moderate126,Moderate
Moderate127_01.jpg,Moderate\Moderate127_01.jpg,Moderate127,Moderate
Moderate127_02.jpg,Moderate\Moderate127_02.jpg,Moderate127,Moderate
Moderate127_03.jpg,Moderate\Moderate127_03.jpg,Moderate127,Moderate
Moderate128_01.jpg,Moderate\Moderate128_01.jpg,Moderate128,Moderate
Moderate128_02.jpg,Moderate\Moderate128_02.jpg,Moderate128,Moderate
Moderate128_03.jpg,Moderate\Moderate128_03.jpg,Moderate128,Moderate
Moderate128_04.jpg,Moderate\Moderate128_04.jpg,Moderate128,Moderate
Moderate128_05.jpg,Moderate\Moderate128_05.jpg,Moderate128,Moderate
Moderate128_06.jpg,Moderate\Moderate128_06.jpg,Moderate128,Moderate
Moderate129_01.jpg,Moderate\Moderate129_01.jpg,Moderate129,Moderate
Moderate130_01.jpg,Moderate\Moderate130_01.jpg,Moderate130,Moderate
Moderate130_02.jpg,Moderate\Moderate130_02.jpg,Moderate130,Moderate
Moderate130_03.jpg,Moderate\Moderate130_03.jpg,Moderate130,Moderate
Moderate130_04.jpg,Moderate\Moderate130_04.jpg,Moderate130,Moderate
Moderate130_05.jpg,Moderate\Moderate130_05.jpg,Moderate130,Moderate
Moderate130_06.jpg,Moderate\Moderate130_06.jpg,Moderate130,Moderate
Moderate130_07.jpg,Moderate\Moderate130_07.jpg,Moderate130,Moderate
Moderate130_08.jpg,Moderate\Moderate130_08.jpg,Moderate130,Moderate
Moderate131_01.jpg,Moderate\Moderate131_01.jpg,Moderate131,Moderate
Moderate131_02.jpg,Moderate\Moderate131_02.jpg,Moderate131,Moderate
Moderate132_01.jpg,Moderate\Moderate132_01.jpg,Moderate132,Moderate
Moderate132_02.jpg,Moderate\Moderate132_02.jpg,Moderate132,Moderate
Moderate132_03.jpg,Moderate\Moderate132_03.jpg,Moderate132,Moderate
Moderate133_01.jpg,Moderate\Moderate133_01.jpg,Moderate133,Moderate
Moderate133_02.jpg,Moderate\Moderate133_02.jpg,Moderate133,Moderate
Moderate134_01.jpg,Moderate\Moderate134_01.jpg,Moderate134,Moderate
Moderate134_02.jpg,Moderate\Moderate134_02.jpg,Moderate134,Moderate
Moderate134_03.jpg,Moderate\Moderate134_03.jpg,Moderate134,Moderate
Moderate134_04.jpg,Moderate\Moderate134_04.jpg,Moderate134,Moderate
Moderate134_05.jpg,Moderate\Moderate134_05.jpg,Moderate134,Moderate
Moderate134_06.jpg,Moderate\Moderate134_06.jpg,Moderate134,Moderate
Moderate134_07.jpg,Moderate\Moderate134_07.jpg,Moderate134,Moderate
Moderate134_08.jpg,Moderate\Moderate134_08.jpg,Moderate134,Moderate
Moderate135_01.jpg,Moderate\Moderate135_01.jpg,Moderate135,Moderate
Moderate135_02.jpg,Moderate\Moderate135_02.jpg,Moderate135,Moderate
Moderate136_01.jpg,Moderate\Moderate136_01.jpg,Moderate136,Moderate
Moderate136_02.jpg,Moderate\Moderate136_02.jpg,Moderate136,Moderate
Moderate137_01.jpg,Moderate\Moderate137_01.jpg,Moderate137,Moderate
Moderate137_02.jpg,Moderate\Moderate137_02.jpg,Moderate137,Moderate
Moderate138_01.jpg,Moderate\Moderate138_01.jpg,Moderate138,Moderate
Moderate138_02.jpg,Moderate\Moderate138_02.jpg,Moderate138,Moderate
Moderate138_03.jpg,Moderate\Moderate138_03.jpg,Moderate138,Moderate
Moderate139_01.jpg,Moderate\Moderate139_01.jpg,Moderate139,Moderate
Moderate139_02.jpg,Moderate\Moderate139_02.jpg,Moderate139,Moderate
Moderate139_03.jpg,Moderate\Moderate139_03.jpg,Moderate139,Moderate
Moderate140_01.jpg,Moderate\Moderate140_01.jpg,Moderate140,Moderate
Moderate140_02.jpg,Moderate\Moderate140_02.jpg,Moderate140,Moderate
Moderate140_03.jpg,Moderate\Moderate140_03.jpg,Moderate140,Moderate
Moderate140_04.jpg,Moderate\Moderate140_04.jpg,Moderate140,Moderate
Moderate140_05.jpg,Moderate\Moderate140_05.jpg,Moderate140,Moderate
Moderate140_06.jpg,Moderate\Moderate140_06.jpg,Moderate140,Moderate
Moderate140_07.jpg,Moderate\Moderate140_07.jpg,Moderate140,Moderate
Moderate140_08.jpg,Moderate\Moderate140_08.jpg,Moderate140,Moderate
Moderate140_09.jpg,Moderate\Moderate140_09.jpg,Moderate140,Moderate
Moderate140_10.jpg,Moderate\Moderate140_10.jpg,Moderate140,Moderate
Moderate140_11.jpg,Moderate\Moderate140_11.jpg,Moderate140,Moderate
Moderate141_01.jpg,Moderate\Moderate141_01.jpg,Moderate141,Moderate
Moderate141_02.jpg,Moderate\Moderate141_02.jpg,Moderate141,Moderate
Moderate142_01.jpg,Moderate\Moderate142_01.jpg,Moderate142,Moderate
Moderate142_02.jpg,Moderate\Moderate142_02.jpg,Moderate142,Moderate
Moderate143_01.jpg,Moderate\Moderate143_01.jpg,Moderate143,Moderate
Moderate143_02.jpg,Moderate\Moderate143_02.jpg,Moderate143,Moderate
Moderate144_01.jpg,Moderate\Moderate144_01.jpg,Moderate144,Moderate
Moderate144_02.jpg,Moderate\Moderate144_02.jpg,Moderate144,Moderate
Moderate144_03.jpg,Moderate\Moderate144_03.jpg,Moderate144,Moderate
Moderate145_01.jpg,Moderate\Moderate145_01.jpg,Moderate145,Moderate
Moderate145_02.jpg,Moderate\Moderate145_02.jpg,Moderate145,Moderate
Moderate146_01.jpg,Moderate\Moderate146_01.jpg,Moderate146,Moderate
Moderate146_02.jpg,Moderate\Moderate146_02.jpg,Moderate146,Moderate
Moderate147_01.jpg,Moderate\Moderate147_01.jpg,Moderate147,Moderate
Moderate147_02.jpg,Moderate\Moderate147_02.jpg,Moderate147,Moderate
Moderate147_03.jpg,Moderate\Moderate147_03.jpg,Moderate147,Moderate
Moderate147_04.jpg,Moderate\Moderate147_04.jpg,Moderate147,Moderate
Moderate147_05.jpg,Moderate\Moderate147_05.jpg,Moderate147,Moderate
Moderate147_06.jpg,Moderate\Moderate147_06.jpg,Moderate147,Moderate
Moderate147_07.jpg,Moderate\Moderate147_07.jpg,Moderate147,Moderate
Moderate149_01.jpg,Moderate\Moderate149_01.jpg,Moderate149,Moderate
Moderate149_02.jpg,Moderate\Moderate149_02.jpg,Moderate149,Moderate
Moderate149_03.jpg,Moderate\Moderate149_03.jpg,Moderate149,Moderate
Moderate149_04.jpg,Moderate\Moderate149_04.jpg,Moderate149,Moderate
Moderate149_05.jpg,Moderate\Moderate149_05.jpg,Moderate149,Moderate
Moderate153_01.jpg,Moderate\Moderate153_01.jpg,Moderate153,Moderate
Moderate153_02.jpg,Moderate\Moderate153_02.jpg,Moderate153,Moderate
Moderate154_01.jpg,Moderate\Moderate154_01.jpg,Moderate154,Moderate
Moderate154_02.jpg,Moderate\Moderate154_02.jpg,Moderate154,Moderate
Moderate154_03.jpg,Moderate\Moderate154_03.jpg,Moderate154,Moderate
Moderate155_01.jpg,Moderate\Moderate155_01.jpg,Moderate155,Moderate
Moderate155_02.jpg,Moderate\Moderate155_02.jpg,Moderate155,Moderate
Moderate155_03.jpg,Moderate\Moderate155_03.jpg,Moderate155,Moderate
Moderate155_04.jpg,Moderate\Moderate155_04.jpg,Moderate155,Moderate
Moderate156_01.jpg,Moderate\Moderate156_01.jpg,Moderate156,Moderate
Moderate156_02.jpg,Moderate\Moderate156_02.jpg,Moderate156,Moderate
Moderate157_01.jpg,Moderate\Moderate157_01.jpg,Moderate157,Moderate
Moderate157_02.jpg,Moderate\Moderate157_02.jpg,Moderate157,Moderate
Moderate157_03.jpg,Moderate\Moderate157_03.jpg,Moderate157,Moderate
Moderate158_01.jpg,Moderate\Moderate158_01.jpg,Moderate158,Moderate
Moderate158_02.jpg,Moderate\Moderate158_02.jpg,Moderate158,Moderate
Moderate160_01.jpg,Moderate\Moderate160_01.jpg,Moderate160,Moderate
Moderate161_01.jpg,Moderate\Moderate161_01.jpg,Moderate161,Moderate
Moderate161_02.jpg,Moderate\Moderate161_02.jpg,Moderate161,Moderate
Moderate161_03.jpg,Moderate\Moderate161_03.jpg,Moderate161,Moderate
Moderate162_01.jpg,Moderate\Moderate162_01.jpg,Moderate162,Moderate
Moderate162_02.jpg,Moderate\Moderate162_02.jpg,Moderate162,Moderate
Moderate162_03.jpg,Moderate\Moderate162_03.jpg,Moderate162,Moderate
Moderate162_04.jpg,Moderate\Moderate162_04.jpg,Moderate162,Moderate
Moderate162_05.jpg,Moderate\Moderate162_05.jpg,Moderate162,Moderate
Moderate162_06.jpg,Moderate\Moderate162_06.jpg,Moderate162,Moderate
Moderate164_01.jpg,Moderate\Moderate164_01.jpg,Moderate164,Moderate
Moderate165_01.jpg,Moderate\Moderate165_01.jpg,Moderate165,Moderate
Moderate165_02.jpg,Moderate\Moderate165_02.jpg,Moderate165,Moderate
Moderate165_03.jpg,Moderate\Moderate165_03.jpg,Moderate165,Moderate
Moderate165_04.jpg,Moderate\Moderate165_04.jpg,Moderate165,Moderate
Moderate165_05.jpg,Moderate\Moderate165_05.jpg,Moderate165,Moderate
Moderate165_06.jpg,Moderate\Moderate165_06.jpg,Moderate165,Moderate
Moderate167_01.jpg,Moderate\Moderate167_01.jpg,Moderate167,Moderate
Moderate170_01.jpg,Moderate\Moderate170_01.jpg,Moderate170,Moderate
Moderate170_02.jpg,Moderate\Moderate170_02.jpg,Moderate170,Moderate
Moderate170_03.jpg,Moderate\Moderate170_03.jpg,Moderate170,Moderate
Moderate170_04.jpg,Moderate\Moderate170_04.jpg,Moderate170,Moderate
Moderate170_05.jpg,Moderate\Moderate170_05.jpg,Moderate170,Moderate
Moderate170_06.jpg,Moderate\Moderate170_06.jpg,Moderate170,Moderate
Moderate172_01.jpg,Moderate\Moderate172_01.jpg,Moderate172,Moderate
Moderate172_02.jpg,Moderate\Moderate172_02.jpg,Moderate172,Moderate
Moderate172_03.jpg,Moderate\Moderate172_03.jpg,Moderate172,Moderate
Moderate172_04.jpg,Moderate\Moderate172_04.jpg,Moderate172,Moderate
Moderate172_05.jpg,Moderate\Moderate172_05.jpg,Moderate172,Moderate
Moderate173_01.jpg,Moderate\Moderate173_01.jpg,Moderate173,Moderate
Moderate174_01.jpg,Moderate\Moderate174_01.jpg,Moderate174,Moderate
Moderate174_02.jpg,Moderate\Moderate174_02.jpg,Moderate174,Moderate
Moderate175_01.jpg,Moderate\Moderate175_01.jpg,Moderate175,Moderate
Moderate176_01.jpg,Moderate\Moderate176_01.jpg,Moderate176,Moderate
Moderate177_01.jpg,Moderate\Moderate177_01.jpg,Moderate177,Moderate
Moderate177_02.jpg,Moderate\Moderate177_02.jpg,Moderate177,Moderate
Moderate177_03.jpg,Moderate\Moderate177_03.jpg,Moderate177,Moderate
Moderate178_01.jpg,Moderate\Moderate178_01.jpg,Moderate178,Moderate
Moderate179_01.jpg,Moderate\Moderate179_01.jpg,Moderate179,Moderate
Moderate179_02.jpg,Moderate\Moderate179_02.jpg,Moderate179,Moderate
Moderate181_01.jpg,Moderate\Moderate181_01.jpg,Moderate181,Moderate
Moderate182_01.jpg,Moderate\Moderate182_01.jpg,Moderate182,Moderate
Moderate183_01.jpg,Moderate\Moderate183_01.jpg,Moderate183,Moderate
Moderate183_02.jpg,Moderate\Moderate183_02.jpg,Moderate183,Moderate
Moderate184_01.jpg,Moderate\Moderate184_01.jpg,Moderate184,Moderate
Moderate185_01.jpg,Moderate\Moderate185_01.jpg,Moderate185,Moderate
Moderate185_02.jpg,Moderate\Moderate185_02.jpg,Moderate185,Moderate
Moderate185_03.jpg,Moderate\Moderate185_03.jpg,Moderate185,Moderate
Moderate185_04.jpg,Moderate\Moderate185_04.jpg,Moderate185,Moderate
Moderate185_05.jpg,Moderate\Moderate185_05.jpg,Moderate185,Moderate
Moderate185_06.jpg,Moderate\Moderate185_06.jpg,Moderate185,Moderate
Moderate186_01.jpg,Moderate\Moderate186_01.jpg,Moderate186,Moderate
Moderate186_02.jpg,Moderate\Moderate186_02.jpg,Moderate186,Moderate
Moderate186_03.jpg,Moderate\Moderate186_03.jpg,Moderate186,Moderate
Moderate186_04.jpg,Moderate\Moderate186_04.jpg,Moderate186,Moderate
Moderate186_05.jpg,Moderate\Moderate186_05.jpg,Moderate186,Moderate
Moderate186_06.jpg,Moderate\Moderate186_06.jpg,Moderate186,Moderate
Moderate187_01.jpg,Moderate\Moderate187_01.jpg,Moderate187,Moderate
Moderate187_02.jpg,Moderate\Moderate187_02.jpg,Moderate187,Moderate
Moderate187_03.jpg,Moderate\Moderate187_03.jpg,Moderate187,Moderate
Moderate187_04.jpg,Moderate\Moderate187_04.jpg,Moderate187,Moderate
Moderate191_01.jpg,Moderate\Moderate191_01.jpg,Moderate191,Moderate
Moderate193_01.jpg,Moderate\Moderate193_01.jpg,Moderate193,Moderate
Moderate193_02.jpg,Moderate\Moderate193_02.jpg,Moderate193,Moderate
Moderate193_03.jpg,Moderate\Moderate193_03.jpg,Moderate193,Moderate
Moderate193_04.jpg,Moderate\Moderate193_04.jpg,Moderate193,Moderate
Moderate193_05.jpg,Moderate\Moderate193_05.jpg,Moderate193,Moderate
Moderate193_06.jpg,Moderate\Moderate193_06.jpg,Moderate193,Moderate
Moderate194_01.jpg,Moderate\Moderate194_01.jpg,Moderate194,Moderate
Moderate194_02.jpg,Moderate\Moderate194_02.jpg,Moderate194,Moderate
Moderate194_03.jpg,Moderate\Moderate194_03.jpg,Moderate194,Moderate
Moderate194_04.jpg,Moderate\Moderate194_04.jpg,Moderate194,Moderate
Moderate196_01.jpg,Moderate\Moderate196_01.jpg,Moderate196,Moderate
Moderate196_02.jpg,Moderate\Moderate196_02.jpg,Moderate196,Moderate
Moderate196_03.jpg,Moderate\Moderate196_03.jpg,Moderate196,Moderate
Moderate196_04.jpg,Moderate\Moderate196_04.jpg,Moderate196,Moderate
Moderate196_05.jpg,Moderate\Moderate196_05.jpg,Moderate196,Moderate
Moderate196_06.jpg,Moderate\Moderate196_06.jpg,Moderate196,Moderate
Moderate199_01.jpg,Moderate\Moderate199_01.jpg,Moderate199,Moderate
Moderate200_01.jpg,Moderate\Moderate200_01.jpg,Moderate200,Moderate
Moderate203_01.jpg,Moderate\Moderate203_01.jpg,Moderate203,Moderate
Severe003_01.jpg,Severe\Severe003_01.jpg,Severe003,Severe
Severe006_01.jpg,Severe\Severe006_01.jpg,Severe006,Severe
Severe008_01.jpg,Severe\Severe008_01.jpg,Severe008,Severe
Severe008_02.jpg,Severe\Severe008_02.jpg,Severe008,Severe
Severe008_03.jpg,Severe\Severe008_03.jpg,Severe008,Severe
Severe009_01.jpg,Severe\Severe009_01.jpg,Severe009,Severe
Severe009_02.jpg,Severe\Severe009_02.jpg,Severe009,Severe
Severe009_03.jpg,Severe\Severe009_03.jpg,Severe009,Severe
Severe009_04.jpg,Severe\Severe009_04.jpg,Severe009,Severe
Severe009_05.jpg,Severe\Severe009_05.jpg,Severe009,Severe
Severe009_06.jpg,Severe\Severe009_06.jpg,Severe009,Severe
Severe009_07.jpg,Severe\Severe009_07.jpg,Severe009,Severe
Severe009_08.jpg,Severe\Severe009_08.jpg,Severe009,Severe
Severe009_09.jpg,Severe\Severe009_09.jpg,Severe009,Severe
Severe009_10.jpg,Severe\Severe009_10.jpg,Severe009,Severe
Severe009_11.jpg,Severe\Severe009_11.jpg,Severe009,Severe
Severe009_12.jpg,Severe\Severe009_12.jpg,Severe009,Severe
Severe009_13.jpg,Severe\Severe009_13.jpg,Severe009,Severe
Severe009_14.jpg,Severe\Severe009_14.jpg,Severe009,Severe
Severe009_15.jpg,Severe\Severe009_15.jpg,Severe009,Severe
Severe009_16.jpg,Severe\Severe009_16.jpg,Severe009,Severe
Severe009_17.jpg,Severe\Severe009_17.jpg,Severe009,Severe
Severe009_18.jpg,Severe\Severe009_18.jpg,Severe009,Severe
Severe009_19.jpg,Severe\Severe009_19.jpg,Severe009,Severe
Severe009_20.jpg,Severe\Severe009_20.jpg,Severe009,Severe
Severe009_21.jpg,Severe\Severe009_21.jpg,Severe009,Severe
Severe009_22.jpg,Severe\Severe009_22.jpg,Severe009,Severe
Severe009_23.jpg,Severe\Severe009_23.jpg,Severe009,Severe
Severe009_24.jpg,Severe\Severe009_24.jpg,Severe009,Severe
Severe009_25.jpg,Severe\Severe009_25.jpg,Severe009,Severe
Severe012_01.jpg,Severe\Severe012_01.jpg,Severe012,Severe
Severe013_01.jpg,Severe\Severe013_01.jpg,Severe013,Severe
Severe013_02.jpg,Severe\Severe013_02.jpg,Severe013,Severe
Severe015_01.jpg,Severe\Severe015_01.jpg,Severe015,Severe
Severe015_02.jpg,Severe\Severe015_02.jpg,Severe015,Severe
Severe015_03.jpg,Severe\Severe015_03.jpg,Severe015,Severe
Severe017_01.jpg,Severe\Severe017_01.jpg,Severe017,Severe
Severe017_02.jpg,Severe\Severe017_02.jpg,Severe017,Severe
Severe018_01.jpg,Severe\Severe018_01.jpg,Severe018,Severe
Severe019_01.jpg,Severe\Severe019_01.jpg,Severe019,Severe
Severe019_02.jpg,Severe\Severe019_02.jpg,Severe019,Severe
Severe019_03.jpg,Severe\Severe019_03.jpg,Severe019,Severe
Severe019_04.jpg,Severe\Severe019_04.jpg,Severe019,Severe
Severe019_05.jpg,Severe\Severe019_05.jpg,Severe019,Severe
Severe020_01.jpg,Severe\Severe020_01.jpg,Severe020,Severe
Severe020_02.jpg,Severe\Severe020_02.jpg,Severe020,Severe
Severe020_03.jpg,Severe\Severe020_03.jpg,Severe020,Severe
Severe020_04.jpg,Severe\Severe020_04.jpg,Severe020,Severe
Severe021_01.jpg,Severe\Severe021_01.jpg,Severe021,Severe
Severe021_02.jpg,Severe\Severe021_02.jpg,Severe021,Severe
Severe022_01.jpg,Severe\Severe022_01.jpg,Severe022,Severe
Severe022_02.jpg,Severe\Severe022_02.jpg,Severe022,Severe
Severe022_03.jpg,Severe\Severe022_03.jpg,Severe022,Severe
Severe022_04.jpg,Severe\Severe022_04.jpg,Severe022,Severe
Severe022_05.jpg,Severe\Severe022_05.jpg,Severe022,Severe
Severe024_01.jpg,Severe\Severe024_01.jpg,Severe024,Severe
Severe024_02.jpg,Severe\Severe024_02.jpg,Severe024,Severe
Severe027_01.jpg,Severe\Severe027_01.jpg,Severe027,Severe
Severe028_01.jpg,Severe\Severe028_01.jpg,Severe028,Severe
Severe029_01.jpg,Severe\Severe029_01.jpg,Severe029,Severe
Severe030_01.jpg,Severe\Severe030_01.jpg,Severe030,Severe
Severe033_01.jpg,Severe\Severe033_01.jpg,Severe033,Severe
Severe034_01.jpg,Severe\Severe034_01.jpg,Severe034,Severe
Severe035_01.jpg,Severe\Severe035_01.jpg,Severe035,Severe
Severe035_02.jpg,Severe\Severe035_02.jpg,Severe035,Severe
Severe035_03.jpg,Severe\Severe035_03.jpg,Severe035,Severe
Severe036_01.jpg,Severe\Severe036_01.jpg,Severe036,Severe
Severe036_02.jpg,Severe\Severe036_02.jpg,Severe036,Severe
Severe037_01.jpg,Severe\Severe037_01.jpg,Severe037,Severe
Severe037_02.jpg,Severe\Severe037_02.jpg,Severe037,Severe
Severe038_01.jpg,Severe\Severe038_01.jpg,Severe038,Severe
Severe038_02.jpg,Severe\Severe038_02.jpg,Severe038,Severe
Severe038_03.jpg,Severe\Severe038_03.jpg,Severe038,Severe
Severe039_01.jpg,Severe\Severe039_01.jpg,Severe039,Severe
Severe040_01.jpg,Severe\Severe040_01.jpg,Severe040,Severe
Severe041_01.jpg,Severe\Severe041_01.jpg,Severe041,Severe
Severe041_02.jpg,Severe\Severe041_02.jpg,Severe041,Severe
Severe041_03.jpg,Severe\Severe041_03.jpg,Severe041,Severe
Severe044_01.jpg,Severe\Severe044_01.jpg,Severe044,Severe
Severe044_02.jpg,Severe\Severe044_02.jpg,Severe044,Severe
Severe045_01.jpg,Severe\Severe045_01.jpg,Severe045,Severe
Severe045_02.jpg,Severe\Severe045_02.jpg,Severe045,Severe
Severe045_03.jpg,Severe\Severe045_03.jpg,Severe045,Severe
Severe046_01.jpg,Severe\Severe046_01.jpg,Severe046,Severe
Severe048_01.jpg,Severe\Severe048_01.jpg,Severe048,Severe
Severe048_02.jpg,Severe\Severe048_02.jpg,Severe048,Severe
Severe048_03.jpg,Severe\Severe048_03.jpg,Severe048,Severe
Severe048_04.jpg,Severe\Severe048_04.jpg,Severe048,Severe
Severe049_01.jpg,Severe\Severe049_01.jpg,Severe049,Severe
Severe051_01.jpg,Severe\Severe051_01.jpg,Severe051,Severe
Severe052_01.jpg,Severe\Severe052_01.jpg,Severe052,Severe
Severe053_01.jpg,Severe\Severe053_01.jpg,Severe053,Severe
Severe053_02.jpg,Severe\Severe053_02.jpg,Severe053,Severe
Severe054_01.jpg,Severe\Severe054_01.jpg,Severe054,Severe
Severe054_02.jpg,Severe\Severe054_02.jpg,Severe054,Severe
Severe057_01.jpg,Severe\Severe057_01.jpg,Severe057,Severe
Severe059_01.jpg,Severe\Severe059_01.jpg,Severe059,Severe
Severe059_02.jpg,Severe\Severe059_02.jpg,Severe059,Severe
Severe060_01.jpg,Severe\Severe060_01.jpg,Severe060,Severe
Severe060_02.jpg,Severe\Severe060_02.jpg,Severe060,Severe
Severe061_01.jpg,Severe\Severe061_01.jpg,Severe061,Severe
Severe063_01.jpg,Severe\Severe063_01.jpg,Severe063,Severe
Severe064_01.jpg,Severe\Severe064_01.jpg,Severe064,Severe
Severe064_02.jpg,Severe\Severe064_02.jpg,Severe064,Severe
Severe065_01.jpg,Severe\Severe065_01.jpg,Severe065,Severe
Severe065_02.jpg,Severe\Severe065_02.jpg,Severe065,Severe
Severe066_01.jpg,Severe\Severe066_01.jpg,Severe066,Severe
Severe066_02.jpg,Severe\Severe066_02.jpg,Severe066,Severe
Severe067_01.jpg,Severe\Severe067_01.jpg,Severe067,Severe
Severe067_02.jpg,Severe\Severe067_02.jpg,Severe067,Severe
Severe070_01.jpg,Severe\Severe070_01.jpg,Severe070,Severe
Severe070_02.jpg,Severe\Severe070_02.jpg,Severe070,Severe
Severe070_03.jpg,Severe\Severe070_03.jpg,Severe070,Severe
Severe070_04.jpg,Severe\Severe070_04.jpg,Severe070,Severe
Severe070_05.jpg,Severe\Severe070_05.jpg,Severe070,Severe
Severe071_01.jpg,Severe\Severe071_01.jpg,Severe071,Severe
Severe072_01.jpg,Severe\Severe072_01.jpg,Severe072,Severe
Severe073_01.jpg,Severe\Severe073_01.jpg,Severe073,Severe
Severe073_02.jpg,Severe\Severe073_02.jpg,Severe073,Severe
Severe074_01.jpg,Severe\Severe074_01.jpg,Severe074,Severe
Severe076_01.jpg,Severe\Severe076_01.jpg,Severe076,Severe
Severe076_02.jpg,Severe\Severe076_02.jpg,Severe076,Severe
Severe076_03.jpg,Severe\Severe076_03.jpg,Severe076,Severe
Severe076_04.jpg,Severe\Severe076_04.jpg,Severe076,Severe
Severe077_01.jpg,Severe\Severe077_01.jpg,Severe077,Severe
Severe078_01.jpg,Severe\Severe078_01.jpg,Severe078,Severe
Severe078_02.jpg,Severe\Severe078_02.jpg,Severe078,Severe
Severe078_03.jpg,Severe\Severe078_03.jpg,Severe078,Severe
Severe079_01.jpg,Severe\Severe079_01.jpg,Severe079,Severe
Severe079_02.jpg,Severe\Severe079_02.jpg,Severe079,Severe
Severe079_03.jpg,Severe\Severe079_03.jpg,Severe079,Severe
Severe079_04.jpg,Severe\Severe079_04.jpg,Severe079,Severe
Severe080_01.jpg,Severe\Severe080_01.jpg,Severe080,Severe
Severe080_02.jpg,Severe\Severe080_02.jpg,Severe080,Severe
Severe080_03.jpg,Severe\Severe080_03.jpg,Severe080,Severe
Severe080_04.jpg,Severe\Severe080_04.jpg,Severe080,Severe
Severe081_01.jpg,Severe\Severe081_01.jpg,Severe081,Severe
Severe081_02.jpg,Severe\Severe081_02.jpg,Severe081,Severe
Severe082_01.jpg,Severe\Severe082_01.jpg,Severe082,Severe
Severe082_02.jpg,Severe\Severe082_02.jpg,Severe082,Severe
Severe083_01.jpg,Severe\Severe083_01.jpg,Severe083,Severe
Severe083_02.jpg,Severe\Severe083_02.jpg,Severe083,Severe
Severe085_01.jpg,Severe\Severe085_01.jpg,Severe085,Severe
Severe085_02.jpg,Severe\Severe085_02.jpg,Severe085,Severe
Severe086_01.jpg,Severe\Severe086_01.jpg,Severe086,Severe
Severe086_02.jpg,Severe\Severe086_02.jpg,Severe086,Severe
Severe086_03.jpg,Severe\Severe086_03.jpg,Severe086,Severe
Severe086_04.jpg,Severe\Severe086_04.jpg,Severe086,Severe
Severe086_05.jpg,Severe\Severe086_05.jpg,Severe086,Severe
Severe088_01.jpg,Severe\Severe088_01.jpg,Severe088,Severe
Severe088_02.jpg,Severe\Severe088_02.jpg,Severe088,Severe
Severe088_03.jpg,Severe\Severe088_03.jpg,Severe088,Severe
Severe088_04.jpg,Severe\Severe088_04.jpg,Severe088,Severe
Severe088_05.jpg,Severe\Severe088_05.jpg,Severe088,Severe
Severe088_06.jpg,Severe\Severe088_06.jpg,Severe088,Severe
Severe089_01.jpg,Severe\Severe089_01.jpg,Severe089,Severe
Severe089_02.jpg,Severe\Severe089_02.jpg,Severe089,Severe
Severe089_03.jpg,Severe\Severe089_03.jpg,Severe089,Severe
Severe089_04.jpg,Severe\Severe089_04.jpg,Severe089,Severe
Severe090_01.jpg,Severe\Severe090_01.jpg,Severe090,Severe
Severe090_02.jpg,Severe\Severe090_02.jpg,Severe090,Severe
Severe090_03.jpg,Severe\Severe090_03.jpg,Severe090,Severe
Severe090_04.jpg,Severe\Severe090_04.jpg,Severe090,Severe
Severe090_05.jpg,Severe\Severe090_05.jpg,Severe090,Severe
Severe090_06.jpg,Severe\Severe090_06.jpg,Severe090,Severe
Severe090_07.jpg,Severe\Severe090_07.jpg,Severe090,Severe
Severe091_01.jpg,Severe\Severe091_01.jpg,Severe091,Severe
Severe091_02.jpg,Severe\Severe091_02.jpg,Severe091,Severe
Severe092_01.jpg,Severe\Severe092_01.jpg,Severe092,Severe
Severe092_02.jpg,Severe\Severe092_02.jpg,Severe092,Severe
Severe093_01.jpg,Severe\Severe093_01.jpg,Severe093,Severe
Severe093_02.jpg,Severe\Severe093_02.jpg,Severe093,Severe
Severe093_03.jpg,Severe\Severe093_03.jpg,Severe093,Severe
Severe096_01.jpg,Severe\Severe096_01.jpg,Severe096,Severe
Severe101_01.jpg,Severe\Severe101_01.jpg,Severe101,Severe
Severe101_02.jpg,Severe\Severe101_02.jpg,Severe101,Severe
Severe102_01.jpg,Severe\Severe102_01.jpg,Severe102,Severe
Severe102_02.jpg,Severe\Severe102_02.jpg,Severe102,Severe
Severe102_03.jpg,Severe\Severe102_03.jpg,Severe102,Severe
Severe104_01.jpg,Severe\Severe104_01.jpg,Severe104,Severe
Severe104_02.jpg,Severe\Severe104_02.jpg,Severe104,Severe
Severe104_03.jpg,Severe\Severe104_03.jpg,Severe104,Severe
Severe105_01.jpg,Severe\Severe105_01.jpg,Severe105,Severe
Severe105_02.jpg,Severe\Severe105_02.jpg,Severe105,Severe
Severe107_01.jpg,Severe\Severe107_01.jpg,Severe107,Severe
Severe107_02.jpg,Severe\Severe107_02.jpg,Severe107,Severe
Severe110_01.jpg,Severe\Severe110_01.jpg,Severe110,Severe
Severe110_02.jpg,Severe\Severe110_02.jpg,Severe110,Severe
Severe111_01.jpg,Severe\Severe111_01.jpg,Severe111,Severe
Severe111_02.jpg,Severe\Severe111_02.jpg,Severe111,Severe
Severe111_03.jpg,Severe\Severe111_03.jpg,Severe111,Severe
Severe113_01.jpg,Severe\Severe113_01.jpg,Severe113,Severe
Severe113_02.jpg,Severe\Severe113_02.jpg,Severe113,Severe
Severe114_01.jpg,Severe\Severe114_01.jpg,Severe114,Severe
Severe114_02.jpg,Severe\Severe114_02.jpg,Severe114,Severe
Severe114_03.jpg,Severe\Severe114_03.jpg,Severe114,Severe
Severe114_04.jpg,Severe\Severe114_04.jpg,Severe114,Severe
Severe114_05.jpg,Severe\Severe114_05.jpg,Severe114,Severe
Severe114_06.jpg,Severe\Severe114_06.jpg,Severe114,Severe
Severe115_01.jpg,Severe\Severe115_01.jpg,Severe115,Severe
Severe116_01.jpg,Severe\Severe116_01.jpg,Severe116,Severe
Severe116_02.jpg,Severe\Severe116_02.jpg,Severe116,Severe
Severe116_03.jpg,Severe\Severe116_03.jpg,Severe116,Severe
Severe118_01.jpg,Severe\Severe118_01.jpg,Severe118,Severe
Severe118_02.jpg,Severe\Severe118_02.jpg,Severe118,Severe
Severe119_01.jpg,Severe\Severe119_01.jpg,Severe119,Severe
Severe119_02.jpg,Severe\Severe119_02.jpg,Severe119,Severe
Severe121_01.jpg,Severe\Severe121_01.jpg,Severe121,Severe
Severe122_01.jpg,Severe\Severe122_01.jpg,Severe122,Severe
Severe123_01.jpg,Severe\Severe123_01.jpg,Severe123,Severe
Severe126_01.jpg,Severe\Severe126_01.jpg,Severe126,Severe
Severe126_02.jpg,Severe\Severe126_02.jpg,Severe126,Severe
Severe128_01.jpg,Severe\Severe128_01.jpg,Severe128,Severe
Severe128_02.jpg,Severe\Severe128_02.jpg,Severe128,Severe
Severe129_01.jpg,Severe\Severe129_01.jpg,Severe129,Severe
Severe129_02.jpg,Severe\Severe129_02.jpg,Severe129,Severe
Severe129_03.jpg,Severe\Severe129_03.jpg,Severe129,Severe
Severe131_01.jpg,Severe\Severe131_01.jpg,Severe131,Severe
Severe131_02.jpg,Severe\Severe131_02.jpg,Severe131,Severe
Severe131_03.jpg,Severe\Severe131_03.jpg,Severe131,Severe
Severe132_01.jpg,Severe\Severe132_01.jpg,Severe132,Severe
Severe132_02.jpg,Severe\Severe132_02.jpg,Severe132,Severe
Severe133_01.jpg,Severe\Severe133_01.jpg,Severe133,Severe
Severe134_01.jpg,Severe\Severe134_01.jpg,Severe134,Severe
Severe135_01.jpg,Severe\Severe135_01.jpg,Severe135,Severe
Severe135_02.jpg,Severe\Severe135_02.jpg,Severe135,Severe
Severe136_01.jpg,Severe\Severe136_01.jpg,Severe136,Severe
Severe136_02.jpg,Severe\Severe136_02.jpg,Severe136,Severe
Severe137_01.jpg,Severe\Severe137_01.jpg,Severe137,Severe
Severe137_02.jpg,Severe\Severe137_02.jpg,Severe137,Severe
Severe138_01.jpg,Severe\Severe138_01.jpg,Severe138,Severe
Severe138_02.jpg,Severe\Severe138_02.jpg,Severe138,Severe
Severe138_03.jpg,Severe\Severe138_03.jpg,Severe138,Severe
Severe139_01.jpg,Severe\Severe139_01.jpg,Severe139,Severe
Severe139_02.jpg,Severe\Severe139_02.jpg,Severe139,Severe
Severe140_01.jpg,Severe\Severe140_01.jpg,Severe140,Severe
Severe140_02.jpg,Severe\Severe140_02.jpg,Severe140,Severe
Severe140_03.jpg,Severe\Severe140_03.jpg,Severe140,Severe
Severe141_01.jpg,Severe\Severe141_01.jpg,Severe141,Severe
Severe142_01.jpg,Severe\Severe142_01.jpg,Severe142,Severe
Severe143_01.jpg,Severe\Severe143_01.jpg,Severe143,Severe
Severe143_02.jpg,Severe\Severe143_02.jpg,Severe143,Severe
Severe145_01.jpg,Severe\Severe145_01.jpg,Severe145,Severe
Severe146_01.jpg,Severe\Severe146_01.jpg,Severe146,Severe
Severe146_02.jpg,Severe\Severe146_02.jpg,Severe146,Severe
Severe147_01.jpg,Severe\Severe147_01.jpg,Severe147,Severe
Severe148_01.jpg,Severe\Severe148_01.jpg,Severe148,Severe
Severe148_02.jpg,Severe\Severe148_02.jpg,Severe148,Severe
Severe148_03.jpg,Severe\Severe148_03.jpg,Severe148,Severe
Severe149_01.jpg,Severe\Severe149_01.jpg,Severe149,Severe
Severe149_02.jpg,Severe\Severe149_02.jpg,Severe149,Severe
Severe151_01.jpg,Severe\Severe151_01.jpg,Severe151,Severe
Severe151_02.jpg,Severe\Severe151_02.jpg,Severe151,Severe
Severe151_03.jpg,Severe\Severe151_03.jpg,Severe151,Severe
Severe151_04.jpg,Severe\Severe151_04.jpg,Severe151,Severe
Severe151_05.jpg,Severe\Severe151_05.jpg,Severe151,Severe
Severe152_01.jpg,Severe\Severe152_01.jpg,Severe152,Severe
Severe152_02.jpg,Severe\Severe152_02.jpg,Severe152,Severe
Severe152_03.jpg,Severe\Severe152_03.jpg,Severe152,Severe
Severe152_04.jpg,Severe\Severe152_04.jpg,Severe152,Severe
Severe152_05.jpg,Severe\Severe152_05.jpg,Severe152,Severe
Severe152_06.jpg,Severe\Severe152_06.jpg,Severe152,Severe
Severe152_07.jpg,Severe\Severe152_07.jpg,Severe152,Severe
Severe153_01.jpg,Severe\Severe153_01.jpg,Severe153,Severe
Severe154_01.jpg,Severe\Severe154_01.jpg,Severe154,Severe
Severe154_02.jpg,Severe\Severe154_02.jpg,Severe154,Severe
Severe154_03.jpg,Severe\Severe154_03.jpg,Severe154,Severe
Severe155_01.jpg,Severe\Severe155_01.jpg,Severe155,Severe
Severe156_01.jpg,Severe\Severe156_01.jpg,Severe156,Severe
Severe156_02.jpg,Severe\Severe156_02.jpg,Severe156,Severe
Severe157_01.jpg,Severe\Severe157_01.jpg,Severe157,Severe
Severe158_01.jpg,Severe\Severe158_01.jpg,Severe158,Severe
Severe159_01.jpg,Severe\Severe159_01.jpg,Severe159,Severe
Severe159_02.jpg,Severe\Severe159_02.jpg,Severe159,Severe
Severe160_01.jpg,Severe\Severe160_01.jpg,Severe160,Severe
Severe160_02.jpg,Severe\Severe160_02.jpg,Severe160,Severe
Severe160_03.jpg,Severe\Severe160_03.jpg,Severe160,Severe
Severe162_01.jpg,Severe\Severe162_01.jpg,Severe162,Severe
Severe162_02.jpg,Severe\Severe162_02.jpg,Severe162,Severe
Severe162_03.jpg,Severe\Severe162_03.jpg,Severe162,Severe
Severe164_01.jpg,Severe\Severe164_01.jpg,Severe164,Severe
Severe164_02.jpg,Severe\Severe164_02.jpg,Severe164,Severe
Severe166_01.jpg,Severe\Severe166_01.jpg,Severe166,Severe
Severe166_02.jpg,Severe\Severe166_02.jpg,Severe166,Severe
Severe167_01.jpg,Severe\Severe167_01.jpg,Severe167,Severe
Severe167_02.jpg,Severe\Severe167_02.jpg,Severe167,Severe
Severe168_01.jpg,Severe\Severe168_01.jpg,Severe168,Severe
Severe168_02.jpg,Severe\Severe168_02.jpg,Severe168,Severe
Severe168_03.jpg,Severe\Severe168_03.jpg,Severe168,Severe
Severe174_01.jpg,Severe\Severe174_01.jpg,Severe174,Severe
Severe174_02.jpg,Severe\Severe174_02.jpg,Severe174,Severe
Severe175_01.jpg,Severe\Severe175_01.jpg,Severe175,Severe
Severe175_02.jpg,Severe\Severe175_02.jpg,Severe175,Severe
Severe177_01.jpg,Severe\Severe177_01.jpg,Severe177,Severe
Severe177_02.jpg,Severe\Severe177_02.jpg,Severe177,Severe
Severe177_03.jpg,Severe\Severe177_03.jpg,Severe177,Severe
Severe178_01.jpg,Severe\Severe178_01.jpg,Severe178,Severe
Severe178_02.jpg,Severe\Severe178_02.jpg,Severe178,Severe
Severe179_01.jpg,Severe\Severe179_01.jpg,Severe179,Severe
Severe181_01.jpg,Severe\Severe181_01.jpg,Severe181,Severe
Severe181_02.jpg,Severe\Severe181_02.jpg,Severe181,Severe
Severe181_03.jpg,Severe\Severe181_03.jpg,Severe181,Severe
Severe181_04.jpg,Severe\Severe181_04.jpg,Severe181,Severe
Severe181_05.jpg,Severe\Severe181_05.jpg,Severe181,Severe
Severe182_01.jpg,Severe\Severe182_01.jpg,Severe182,Severe
Severe182_02.jpg,Severe\Severe182_02.jpg,Severe182,Severe
Severe183_01.jpg,Severe\Severe183_01.jpg,Severe183,Severe
Severe183_02.jpg,Severe\Severe183_02.jpg,Severe183,Severe
Severe183_03.jpg,Severe\Severe183_03.jpg,Severe183,Severe
Severe183_04.jpg,Severe\Severe183_04.jpg,Severe183,Severe
Severe183_05.jpg,Severe\Severe183_05.jpg,Severe183,Severe
Severe183_06.jpg,Severe\Severe183_06.jpg,Severe183,Severe
Severe185_01.jpg,Severe\Severe185_01.jpg,Severe185,Severe
Severe186_01.jpg,Severe\Severe186_01.jpg,Severe186,Severe
Severe186_02.jpg,Severe\Severe186_02.jpg,Severe186,Severe
Severe186_03.jpg,Severe\Severe186_03.jpg,Severe186,Severe
Severe186_04.jpg,Severe\Severe186_04.jpg,Severe186,Severe
Severe187_01.jpg,Severe\Severe187_01.jpg,Severe187,Severe
Severe187_02.jpg,Severe\Severe187_02.jpg,Severe187,Severe
Severe188_01.jpg,Severe\Severe188_01.jpg,Severe188,Severe
Severe189_01.jpg,Severe\Severe189_01.jpg,Severe189,Severe
Severe191_01.jpg,Severe\Severe191_01.jpg,Severe191,Severe
Severe191_02.jpg,Severe\Severe191_02.jpg,Severe191,Severe
Severe191_03.jpg,Severe\Severe191_03.jpg,Severe191,Severe
Severe191_04.jpg,Severe\Severe191_04.jpg,Severe191,Severe
Severe191_05.jpg,Severe\Severe191_05.jpg,Severe191,Severe
Severe191_06.jpg,Severe\Severe191_06.jpg,Severe191,Severe
Severe192_01.jpg,Severe\Severe192_01.jpg,Severe192,Severe
Severe192_02.jpg,Severe\Severe192_02.jpg,Severe192,Severe
Severe192_03.jpg,Severe\Severe192_03.jpg,Severe192,Severe
Severe192_04.jpg,Severe\Severe192_04.jpg,Severe192,Severe
Severe193_01.jpg,Severe\Severe193_01.jpg,Severe193,Severe
Severe194_01.jpg,Severe\Severe194_01.jpg,Severe194,Severe
Severe194_02.jpg,Severe\Severe194_02.jpg,Severe194,Severe
Severe194_03.jpg,Severe\Severe194_03.jpg,Severe194,Severe
Severe195_01.jpg,Severe\Severe195_01.jpg,Severe195,Severe
Severe195_02.jpg,Severe\Severe195_02.jpg,Severe195,Severe
Severe195_03.jpg,Severe\Severe195_03.jpg,Severe195,Severe
Severe199_01.jpg,Severe\Severe199_01.jpg,Severe199,Severe
Severe200_01.jpg,Severe\Severe200_01.jpg,Severe200,Severe
Severe200_02.jpg,Severe\Severe200_02.jpg,Severe200,Severe
Severe201_01.jpg,Severe\Severe201_01.jpg,Severe201,Severe
Severe202_01.jpg,Severe\Severe202_01.jpg,Severe202,Severe
Severe204_01.jpg,Severe\Severe204_01.jpg,Severe204,Severe
Severe204_02.jpg,Severe\Severe204_02.jpg,Severe204,Severe
Severe206_01.jpg,Severe\Severe206_01.jpg,Severe206,Severe
Severe207_01.jpg,Severe\Severe207_01.jpg,Severe207,Severe
Severe207_02.jpg,Severe\Severe207_02.jpg,Severe207,Severe
Severe207_03.jpg,Severe\Severe207_03.jpg,Severe207,Severe
Severe208_01.jpg,Severe\Severe208_01.jpg,Severe208,Severe
Severe208_02.jpg,Severe\Severe208_02.jpg,Severe208,Severe
Severe209_01.jpg,Severe\Severe209_01.jpg,Severe209,Severe
Severe210_01.jpg,Severe\Severe210_01.jpg,Severe210,Severe
Severe210_02.jpg,Severe\Severe210_02.jpg,Severe210,Severe
Severe211_01.jpg,Severe\Severe211_01.jpg,Severe211,Severe
Severe211_02.jpg,Severe\Severe211_02.jpg,Severe211,Severe
Severe212_01.jpg,Severe\Severe212_01.jpg,Severe212,Severe
Severe212_02.jpg,Severe\Severe212_02.jpg,Severe212,Severe
Severe213_01.jpg,Severe\Severe213_01.jpg,Severe213,Severe
Severe213_02.jpg,Severe\Severe213_02.jpg,Severe213,Severe
Severe214_01.jpg,Severe\Severe214_01.jpg,Severe214,Severe
Severe215_01.jpg,Severe\Severe215_01.jpg,Severe215,Severe
Severe215_02.jpg,Severe\Severe215_02.jpg,Severe215,Severe
Severe216_01.jpg,Severe\Severe216_01.jpg,Severe216,Severe
Severe217_01.jpg,Severe\Severe217_01.jpg,Severe217,Severe
Severe217_02.jpg,Severe\Severe217_02.jpg,Severe217,Severe
Severe219_01.jpg,Severe\Severe219_01.jpg,Severe219,Severe
Severe219_02.jpg,Severe\Severe219_02.jpg,Severe219,Severe
Severe219_03.jpg,Severe\Severe219_03.jpg,Severe219,Severe
Severe221_01.jpg,Severe\Severe221_01.jpg,Severe221,Severe
Severe221_02.jpg,Severe\Severe221_02.jpg,Severe221,Severe
Severe222_01.jpg,Severe\Severe222_01.jpg,Severe222,Severe
Severe222_02.jpg,Severe\Severe222_02.jpg,Severe222,Severe
Severe223_01.jpg,Severe\Severe223_01.jpg,Severe223,Severe
Severe223_02.jpg,Severe\Severe223_02.jpg,Severe223,Severe
Severe224_01.jpg,Severe\Severe224_01.jpg,Severe224,Severe
Severe224_02.jpg,Severe\Severe224_02.jpg,Severe224,Severe
Severe224_03.jpg,Severe\Severe224_03.jpg,Severe224,Severe
Severe225_01.jpg,Severe\Severe225_01.jpg,Severe225,Severe
Severe226_01.jpg,Severe\Severe226_01.jpg,Severe226,Severe
Severe226_02.jpg,Severe\Severe226_02.jpg,Severe226,Severe
Severe226_03.jpg,Severe\Severe226_03.jpg,Severe226,Severe
Severe226_04.jpg,Severe\Severe226_04.jpg,Severe226,Severe
Severe227_01.jpg,Severe\Severe227_01.jpg,Severe227,Severe
Severe228_01.jpg,Severe\Severe228_01.jpg,Severe228,Severe
Severe228_02.jpg,Severe\Severe228_02.jpg,Severe228,Severe
Severe228_03.jpg,Severe\Severe228_03.jpg,Severe228,Severe
Severe229_01.jpg,Severe\Severe229_01.jpg,Severe229,Severe
Severe231_01.jpg,Severe\Severe231_01.jpg,Severe231,Severe
Severe232_01.jpg,Severe\Severe232_01.jpg,Severe232,Severe
Severe232_02.jpg,Severe\Severe232_02.jpg,Severe232,Severe
Severe233_01.jpg,Severe\Severe233_01.jpg,Severe233,Severe
Severe233_02.jpg,Severe\Severe233_02.jpg,Severe233,Severe
Severe234_01.jpg,Severe\Severe234_01.jpg,Severe234,Severe
Severe235_01.jpg,Severe\Severe235_01.jpg,Severe235,Severe
Severe237_01.jpg,Severe\Severe237_01.jpg,Severe237,Severe
Severe237_02.jpg,Severe\Severe237_02.jpg,Severe237,Severe
Severe237_03.jpg,Severe\Severe237_03.jpg,Severe237,Severe
Severe239_01.jpg,Severe\Severe239_01.jpg,Severe239,Severe
Severe239_02.jpg,Severe\Severe239_02.jpg,Severe239,Severe
Severe240_01.jpg,Severe\Severe240_01.jpg,Severe240,Severe
Severe240_02.jpg,Severe\Severe240_02.jpg,Severe240,Severe
Severe240_03.jpg,Severe\Severe240_03.jpg,Severe240,Severe
Severe240_04.jpg,Severe\Severe240_04.jpg,Severe240,Severe
Severe241_01.jpg,Severe\Severe241_01.jpg,Severe241,Severe
Severe241_02.jpg,Severe\Severe241_02.jpg,Severe241,Severe
Severe242_01.jpg,Severe\Severe242_01.jpg,Severe242,Severe
Severe243_01.jpg,Severe\Severe243_01.jpg,Severe243,Severe
Severe245_01.jpg,Severe\Severe245_01.jpg,Severe245,Severe
Severe245_02.jpg,Severe\Severe245_02.jpg,Severe245,Severe
Severe246_01.jpg,Severe\Severe246_01.jpg,Severe246,Severe
Severe246_02.jpg,Severe\Severe246_02.jpg,Severe246,Severe
Severe247_01.jpg,Severe\Severe247_01.jpg,Severe247,Severe
Severe247_02.jpg,Severe\Severe247_02.jpg,Severe247,Severe
Severe247_03.jpg,Severe\Severe247_03.jpg,Severe247,Severe
Severe247_04.jpg,Severe\Severe247_04.jpg,Severe247,Severe
Severe248_01.jpg,Severe\Severe248_01.jpg,Severe248,Severe
Severe248_02.jpg,Severe\Severe248_02.jpg,Severe248,Severe
Severe248_03.jpg,Severe\Severe248_03.jpg,Severe248,Severe
Severe248_04.jpg,Severe\Severe248_04.jpg,Severe248,Severe
Severe250_01.jpg,Severe\Severe250_01.jpg,Severe250,Severe
Severe250_02.jpg,Severe\Severe250_02.jpg,Severe250,Severe
Severe250_03.jpg,Severe\Severe250_03.jpg,Severe250,Severe
Severe251_01.jpg,Severe\Severe251_01.jpg,Severe251,Severe
Severe253_01.jpg,Severe\Severe253_01.jpg,Severe253,Severe
Severe253_02.jpg,Severe\Severe253_02.jpg,Severe253,Severe
Severe253_03.jpg,Severe\Severe253_03.jpg,Severe253,Severe
Severe253_04.jpg,Severe\Severe253_04.jpg,Severe253,Severe
Severe253_05.jpg,Severe\Severe253_05.jpg,Severe253,Severe
Severe254_01.jpg,Severe\Severe254_01.jpg,Severe254,Severe
Severe255_01.jpg,Severe\Severe255_01.jpg,Severe255,Severe
Severe255_02.jpg,Severe\Severe255_02.jpg,Severe255,Severe
Severe255_03.jpg,Severe\Severe255_03.jpg,Severe255,Severe
Severe255_04.jpg,Severe\Severe255_04.jpg,Severe255,Severe
Severe256_01.jpg,Severe\Severe256_01.jpg,Severe256,Severe
Severe256_02.jpg,Severe\Severe256_02.jpg,Severe256,Severe
Severe258_01.jpg,Severe\Severe258_01.jpg,Severe258,Severe
Severe258_02.jpg,Severe\Severe258_02.jpg,Severe258,Severe
Severe258_03.jpg,Severe\Severe258_03.jpg,Severe258,Severe
Severe258_04.jpg,Severe\Severe258_04.jpg,Severe258,Severe
Severe259_01.jpg,Severe\Severe259_01.jpg,Severe259,Severe
Severe259_02.jpg,Severe\Severe259_02.jpg,Severe259,Severe
Severe260_01.jpg,Severe\Severe260_01.jpg,Severe260,Severe
Severe260_02.jpg,Severe\Severe260_02.jpg,Severe260,Severe
Severe260_03.jpg,Severe\Severe260_03.jpg,Severe260,Severe
Severe260_04.jpg,Severe\Severe260_04.jpg,Severe260,Severe
Severe263_01.jpg,Severe\Severe263_01.jpg,Severe263,Severe
Severe263_02.jpg,Severe\Severe263_02.jpg,Severe263,Severe
Severe264_01.jpg,Severe\Severe264_01.jpg,Severe264,Severe
Severe264_02.jpg,Severe\Severe264_02.jpg,Severe264,Severe
Severe264_03.jpg,Severe\Severe264_03.jpg,Severe264,Severe
Severe264_04.jpg,Severe\Severe264_04.jpg,Severe264,Severe
Severe265_01.jpg,Severe\Severe265_01.jpg,Severe265,Severe
Severe265_02.jpg,Severe\Severe265_02.jpg,Severe265,Severe
Severe265_03.jpg,Severe\Severe265_03.jpg,Severe265,Severe
Severe265_04.jpg,Severe\Severe265_04.jpg,Severe265,Severe
Severe265_05.jpg,Severe\Severe265_05.jpg,Severe265,Severe
Severe266_01.jpg,Severe\Severe266_01.jpg,Severe266,Severe
Severe266_02.jpg,Severe\Severe266_02.jpg,Severe266,Severe
Severe267_01.jpg,Severe\Severe267_01.jpg,Severe267,Severe
Severe272_01.jpg,Severe\Severe272_01.jpg,Severe272,Severe
Severe273_01.jpg,Severe\Severe273_01.jpg,Severe273,Severe
Severe273_02.jpg,Severe\Severe273_02.jpg,Severe273,Severe
Severe275_01.jpg,Severe\Severe275_01.jpg,Severe275,Severe
Severe275_02.jpg,Severe\Severe275_02.jpg,Severe275,Severe
Severe275_03.jpg,Severe\Severe275_03.jpg,Severe275,Severe
Severe276_01.jpg,Severe\Severe276_01.jpg,Severe276,Severe
Severe276_02.jpg,Severe\Severe276_02.jpg,Severe276,Severe
Severe277_01.jpg,Severe\Severe277_01.jpg,Severe277,Severe
Severe277_02.jpg,Severe\Severe277_02.jpg,Severe277,Severe
Severe277_03.jpg,Severe\Severe277_03.jpg,Severe277,Severe
Severe277_04.jpg,Severe\Severe277_04.jpg,Severe277,Severe
Severe278_01.jpg,Severe\Severe278_01.jpg,Severe278,Severe
Severe278_02.jpg,Severe\Severe278_02.jpg,Severe278,Severe
Severe278_03.jpg,Severe\Severe278_03.jpg,Severe278,Severe
Severe278_04.jpg,Severe\Severe278_04.jpg,Severe278,Severe
Severe279_01.jpg,Severe\Severe279_01.jpg,Severe279,Severe
Severe279_02.jpg,Severe\Severe279_02.jpg,Severe279,Severe
Severe280_01.jpg,Severe\Severe280_01.jpg,Severe280,Severe
Severe281_01.jpg,Severe\Severe281_01.jpg,Severe281,Severe
Severe282_01.jpg,Severe\Severe282_01.jpg,Severe282,Severe
Severe283_01.jpg,Severe\Severe283_01.jpg,Severe283,Severe
Severe283_02.jpg,Severe\Severe283_02.jpg,Severe283,Severe
Severe284_01.jpg,Severe\Severe284_01.jpg,Severe284,Severe
Severe284_02.jpg,Severe\Severe284_02.jpg,Severe284,Severe
Severe285_01.jpg,Severe\Severe285_01.jpg,Severe285,Severe
Severe286_01.jpg,Severe\Severe286_01.jpg,Severe286,Severe
Severe286_02.jpg,Severe\Severe286_02.jpg,Severe286,Severe
Severe286_03.jpg,Severe\Severe286_03.jpg,Severe286,Severe
Severe286_04.jpg,Severe\Severe286_04.jpg,Severe286,Severe
Severe287_01.jpg,Severe\Severe287_01.jpg,Severe287,Severe
Severe290_01.jpg,Severe\Severe290_01.jpg,Severe290,Severe
Severe290_02.jpg,Severe\Severe290_02.jpg,Severe290,Severe
Severe291_01.jpg,Severe\Severe291_01.jpg,Severe291,Severe
Severe291_02.jpg,Severe\Severe291_02.jpg,Severe291,Severe
Severe293_01.jpg,Severe\Severe293_01.jpg,Severe293,Severe
Severe293_02.jpg,Severe\Severe293_02.jpg,Severe293,Severe
Severe293_03.jpg,Severe\Severe293_03.jpg,Severe293,Severe
Severe295_01.jpg,Severe\Severe295_01.jpg,Severe295,Severe
Severe296_01.jpg,Severe\Severe296_01.jpg,Severe296,Severe
Severe296_02.jpg,Severe\Severe296_02.jpg,Severe296,Severe
Severe298_01.jpg,Severe\Severe298_01.jpg,Severe298,Severe
Severe298_02.jpg,Severe\Severe298_02.jpg,Severe298,Severe
Severe298_03.jpg,Severe\Severe298_03.jpg,Severe298,Severe
Severe301_01.jpg,Severe\Severe301_01.jpg,Severe301,Severe
Severe302_01.jpg,Severe\Severe302_01.jpg,Severe302,Severe
Severe302_02.jpg,Severe\Severe302_02.jpg,Severe302,Severe
Severe302_03.jpg,Severe\Severe302_03.jpg,Severe302,Severe
Severe303_01.jpg,Severe\Severe303_01.jpg,Severe303,Severe
Severe303_02.jpg,Severe\Severe303_02.jpg,Severe303,Severe
